"","Region","Month.of.Period.End","Median.Sale.Price","Median.Sale.Price.MoM","Median.Sale.Price.YoY","Homes.Sold","Homes.Sold.MoM","Homes.Sold.YoY","New.Listings","New.Listings.MoM","New.Listings.YoY","Inventory","Inventory.MoM","Inventory.YoY","Days.on.Market","Days.on.Market.MoM","Days.on.Market.YoY","Average.Sale.To.List","Average.Sale.To.List.MoM","Average.Sale.To.List.YoY"
"1","Nassau County,NY","January 2012","$385K","1.3%","-7.2%","629","-15.7%","2.8%","1,390","104.1%","10.4%","6,990","1.7%","-1.3%",126,-3,-39,"93.5%","-0.3%","-0.3%"
"2","Nassau County,NY","February 2012","$370K","-3.9%","-6.3%","587","-6.7%","-6.8%","1,493","7.4%","14.6%","7,293","4.3%","0.0%",134,8,-16,"93.3%","-0.1%","-0.1%"
"3","Nassau County,NY","March 2012","$365K","-1.4%","-4.7%","652","11.1%","-1.1%","1,884","26.2%","-7.3%","7,692","5.5%","-2.4%",151,17,7,"93.5%","0.1%","-0.1%"
"4","Nassau County,NY","April 2012","$390K","6.8%","-3.7%","624","-4.3%","3.0%","1,816","-3.6%","4.2%","7,959","3.5%","-2.8%",148,-3,4,"93.4%","-0.1%","-0.6%"
"5","Nassau County,NY","May 2012","$390K","0.0%","0.0%","852","36.5%","30.5%","1,680","-7.5%","-10.2%","8,095","1.7%","-6.7%",115,-33,-25,"93.7%","0.3%","0.2%"
"6","Nassau County,NY","June 2012","$395K","1.3%","-3.2%","974","14.3%","7.9%","1,499","-10.8%","-12.8%","7,947","-1.8%","-9.5%",111,-4,7,"93.9%","0.2%","-0.2%"
"7","Nassau County,NY","July 2012","$400K","1.2%","-2.4%","979","0.5%","13.8%","1,357","-9.5%","3.5%","7,778","-2.1%","-10.0%",84,-27,-3,"94.7%","0.8%","0.9%"
"8","Nassau County,NY","August 2012","$435K","8.7%","4.3%","1,129","15.3%","19.2%","1,214","-10.5%","0.8%","7,421","-4.6%","-11.5%",93,9,9,"94.4%","-0.3%","0.3%"
"9","Nassau County,NY","September 2012","$420K","-3.4%","1.4%","893","-20.9%","1.0%","1,194","-1.6%","0.3%","7,228","-2.6%","-9.6%",91,-2,-11,"94.5%","0.1%","0.6%"
"10","Nassau County,NY","October 2012","$390K","-7.1%","2.6%","851","-4.7%","18.0%","1,074","-10.1%","-12.6%","6,914","-4.3%","-11.8%",97,6,-14,"93.9%","-0.6%","0.2%"
"11","Nassau County,NY","November 2012","$391K","0.3%","4.3%","656","-22.9%","-0.2%","613","-42.9%","-36.7%","6,267","-9.4%","-16.1%",108,11,-14,"94.4%","0.5%","1.2%"
"12","Nassau County,NY","December 2012","$400K","2.3%","5.3%","867","32.2%","16.2%","607","-1.0%","-10.9%","5,547","-11.5%","-19.3%",123,15,-6,"93.9%","-0.5%","0.1%"
"13","Nassau County,NY","January 2013","$390K","-2.5%","1.3%","680","-21.6%","8.1%","1,407","131.8%","1.2%","5,772","4.1%","-17.4%",127,4,1,"93.7%","-0.2%","0.3%"
"14","Nassau County,NY","February 2013","$380K","-2.7%","2.6%","629","-7.5%","7.2%","1,270","-9.7%","-14.9%","5,858","1.5%","-19.7%",112,-15,-22,"94.3%","0.5%","0.9%"
"15","Nassau County,NY","March 2013","$374K","-1.5%","2.5%","684","8.7%","4.9%","1,587","25.0%","-15.8%","6,088","3.9%","-20.9%",127,15,-24,"93.8%","-0.5%","0.3%"
"16","Nassau County,NY","April 2013","$388K","3.6%","-0.6%","807","18.0%","29.3%","2,116","33.3%","16.5%","6,609","8.6%","-17.0%",120,-7,-28,"94.5%","0.7%","1.1%"
"17","Nassau County,NY","May 2013","$386K","-0.4%","-1.0%","909","12.6%","6.7%","1,988","-6.0%","18.3%","6,986","5.7%","-13.7%",91,-29,-24,"94.7%","0.2%","1.0%"
"18","Nassau County,NY","June 2013","$420K","8.8%","6.3%","1,080","18.8%","10.9%","1,775","-10.7%","18.4%","7,152","2.4%","-10.0%",77,-14,-34,"94.9%","0.2%","0.9%"
"19","Nassau County,NY","July 2013","$435K","3.6%","8.7%","1,262","16.9%","28.9%","1,511","-14.9%","11.3%","7,018","-1.9%","-9.8%",70,-7,-14,"95.7%","0.8%","1.0%"
"20","Nassau County,NY","August 2013","$440K","1.1%","1.1%","1,383","9.6%","22.5%","1,306","-13.6%","7.6%","6,706","-4.4%","-9.6%",67,-3,-26,"95.4%","-0.3%","1.0%"
"21","Nassau County,NY","September 2013","$425K","-3.4%","1.2%","1,056","-23.6%","18.3%","1,305","-0.1%","9.3%","6,640","-1.0%","-8.1%",76,9,-15,"95.2%","-0.2%","0.7%"
"22","Nassau County,NY","October 2013","$420K","-1.3%","7.6%","1,189","12.6%","39.7%","1,305","0.0%","21.5%","6,399","-3.6%","-7.4%",85,9,-12,"95.2%","0.0%","1.3%"
"23","Nassau County,NY","November 2013","$411K","-2.0%","5.1%","994","-16.4%","51.5%","944","-27.7%","54.0%","5,961","-6.8%","-4.9%",88,3,-20,"94.9%","-0.2%","0.5%"
"24","Nassau County,NY","December 2013","$410K","-0.2%","2.5%","1,035","4.1%","19.4%","615","-34.9%","1.3%","5,254","-11.9%","-5.3%",84,-4,-39,"94.9%","0.0%","1.0%"
"25","Nassau County,NY","January 2014","$425K","3.7%","9.0%","826","-20.2%","21.5%","1,147","86.5%","-18.5%","5,248","-0.1%","-9.1%",101,17,-26,"95.0%","0.1%","1.3%"
"26","Nassau County,NY","February 2014","$395K","-7.2%","3.9%","662","-19.9%","5.2%","1,161","1.2%","-8.6%","5,449","3.8%","-7.0%",96,-5,-16,"94.7%","-0.4%","0.4%"
"27","Nassau County,NY","March 2014","$380K","-3.7%","1.6%","680","2.7%","-0.6%","1,916","65.0%","20.7%","6,009","10.3%","-1.3%",116,20,-11,"94.9%","0.3%","1.2%"
"28","Nassau County,NY","April 2014","$405K","6.6%","4.5%","705","3.7%","-12.6%","2,104","9.8%","-0.6%","6,498","8.1%","-1.7%",106,-10,-14,"94.9%","0.0%","0.5%"
"29","Nassau County,NY","May 2014","$410K","1.2%","6.2%","785","11.3%","-13.6%","1,953","-7.2%","-1.8%","6,782","4.4%","-2.9%",96,-10,5,"95.3%","0.4%","0.7%"
"30","Nassau County,NY","June 2014","$435K","6.1%","3.6%","1,103","40.5%","2.1%","1,894","-3.0%","6.7%","7,210","6.3%","0.8%",64,-32,-13,"95.5%","0.2%","0.7%"
"31","Nassau County,NY","July 2014","$435K","0.0%","0.0%","1,195","8.3%","-5.3%","1,587","-16.2%","5.0%","7,335","1.7%","4.5%",52,-12,-18,"95.8%","0.2%","0.1%"
"32","Nassau County,NY","August 2014","$465K","6.9%","5.7%","1,182","-1.1%","-14.5%","1,354","-14.7%","3.7%","7,117","-3.0%","6.1%",49,-3,-18,"95.8%","0.0%","0.4%"
"33","Nassau County,NY","September 2014","$426K","-8.4%","0.2%","1,212","2.5%","14.8%","1,442","6.5%","10.5%","7,020","-1.4%","5.7%",63,14,-13,"95.5%","-0.3%","0.3%"
"34","Nassau County,NY","October 2014","$418K","-2.0%","-0.5%","1,055","-13.0%","-11.3%","1,319","-8.5%","1.1%","6,739","-4.0%","5.3%",73,10,-12,"95.0%","-0.5%","-0.1%"
"35","Nassau County,NY","November 2014","$430K","2.9%","4.5%","908","-13.9%","-8.7%","935","-29.1%","-1.0%","6,286","-6.7%","5.5%",83,10,-5,"94.9%","-0.1%","-0.1%"
"36","Nassau County,NY","December 2014","$429K","-0.1%","4.6%","987","8.7%","-4.6%","652","-30.3%","6.0%","5,528","-12.1%","5.2%",87,4,3,"95.2%","0.3%","0.3%"
"37","Nassau County,NY","January 2015","$430K","0.2%","1.2%","837","-15.2%","1.3%","1,207","85.1%","5.2%","5,672","2.6%","8.1%",91,4,-10,"95.3%","0.1%","0.3%"
"38","Nassau County,NY","February 2015","$409K","-4.8%","3.7%","719","-14.1%","8.6%","1,128","-6.5%","-2.8%","5,634","-0.7%","3.4%",96,5,0,"95.8%","0.5%","1.2%"
"39","Nassau County,NY","March 2015","$415K","1.4%","9.2%","808","12.4%","18.8%","1,760","56.0%","-8.1%","6,066","7.7%","0.9%",111,15,-5,"94.9%","-0.9%","0.0%"
"40","Nassau County,NY","April 2015","$435K","4.8%","7.4%","728","-9.9%","3.3%","2,218","26.0%","5.4%","6,809","12.2%","4.8%",115,4,9,"95.5%","0.6%","0.6%"
"41","Nassau County,NY","May 2015","$435K","0.0%","6.1%","878","20.6%","11.8%","2,128","-4.1%","9.0%","7,247","6.4%","6.9%",102,-13,6,"95.7%","0.2%","0.4%"
"42","Nassau County,NY","June 2015","$440K","1.1%","1.1%","1,094","24.6%","-0.8%","2,043","-4.0%","7.9%","7,419","2.4%","2.9%",73,-29,9,"96.0%","0.3%","0.5%"
"43","Nassau County,NY","July 2015","$455K","3.4%","4.6%","1,350","23.4%","13.0%","1,659","-18.8%","4.5%","7,304","-1.6%","-0.4%",65,-8,13,"96.5%","0.4%","0.7%"
"44","Nassau County,NY","August 2015","$469K","3.1%","0.9%","1,492","10.5%","26.2%","1,377","-17.0%","1.7%","6,986","-4.4%","-1.8%",62,-3,13,"96.4%","-0.1%","0.6%"
"45","Nassau County,NY","September 2015","$440K","-6.2%","3.3%","1,259","-15.6%","3.9%","1,319","-4.2%","-8.5%","6,724","-3.8%","-4.2%",70,8,7,"96.0%","-0.4%","0.5%"
"46","Nassau County,NY","October 2015","$433K","-1.6%","3.7%","1,215","-3.5%","15.2%","1,253","-5.0%","-5.0%","6,333","-5.8%","-6.0%",84,14,11,"96.1%","0.1%","1.0%"
"47","Nassau County,NY","November 2015","$430K","-0.7%","0.1%","953","-21.6%","5.0%","1,062","-15.2%","13.6%","5,902","-6.8%","-6.1%",84,0,1,"95.8%","-0.3%","0.9%"
"48","Nassau County,NY","December 2015","$433K","0.7%","0.9%","1,133","18.9%","14.8%","724","-31.8%","11.0%","5,128","-13.1%","-7.2%",90,6,3,"96.0%","0.2%","0.8%"
"49","Nassau County,NY","January 2016","$440K","1.6%","2.3%","921","-18.7%","10.0%","1,160","60.2%","-3.9%","5,128","0.0%","-9.6%",92,2,1,"95.6%","-0.3%","0.3%"
"50","Nassau County,NY","February 2016","$440K","0.0%","7.5%","879","-4.6%","22.3%","1,312","13.1%","16.3%","5,209","1.6%","-7.5%",96,4,0,"95.6%","-0.1%","-0.3%"
"51","Nassau County,NY","March 2016","$430K","-2.3%","3.6%","1,004","14.2%","24.3%","1,957","49.2%","11.2%","5,649","8.4%","-6.9%",102,6,-9,"95.6%","0.0%","0.7%"
"52","Nassau County,NY","April 2016","$445K","3.5%","2.3%","867","-13.6%","19.1%","2,002","2.3%","-9.7%","6,058","7.2%","-11.0%",99,-3,-16,"95.9%","0.3%","0.4%"
"53","Nassau County,NY","May 2016","$450K","1.1%","3.4%","961","10.8%","9.5%","1,949","-2.6%","-8.4%","6,275","3.6%","-13.4%",76,-23,-26,"96.3%","0.4%","0.6%"
"54","Nassau County,NY","June 2016","$471K","4.7%","7.0%","1,335","38.9%","22.0%","1,729","-11.3%","-15.4%","6,145","-2.1%","-17.2%",63,-13,-10,"96.5%","0.2%","0.4%"
"55","Nassau County,NY","July 2016","$478K","1.4%","4.9%","1,324","-0.8%","-1.9%","1,421","-17.8%","-14.3%","5,983","-2.6%","-18.1%",59,-4,-6,"96.9%","0.4%","0.4%"
"56","Nassau County,NY","August 2016","$485K","1.6%","3.4%","1,575","19.0%","5.6%","1,297","-8.7%","-5.8%","5,587","-6.6%","-20.0%",54,-5,-8,"96.9%","0.0%","0.5%"
"57","Nassau County,NY","September 2016","$465K","-4.1%","5.7%","1,303","-17.3%","3.5%","1,350","4.1%","2.4%","5,393","-3.5%","-19.8%",60,6,-10,"96.9%","0.1%","1.0%"
"58","Nassau County,NY","October 2016","$470K","1.1%","8.5%","1,176","-9.7%","-3.2%","1,145","-15.2%","-8.6%","5,082","-5.8%","-19.8%",71,11,-13,"96.7%","-0.2%","0.6%"
"59","Nassau County,NY","November 2016","$460K","-2.1%","7.0%","1,099","-6.5%","15.3%","966","-15.6%","-9.0%","4,610","-9.3%","-21.9%",77,6,-7,"96.3%","-0.4%","0.5%"
"60","Nassau County,NY","December 2016","$470K","2.2%","8.5%","1,173","6.7%","3.5%","673","-30.3%","-7.0%","3,948","-14.4%","-23.0%",75,-2,-15,"96.5%","0.3%","0.6%"
"61","Nassau County,NY","January 2017","$475K","1.1%","8.0%","1,017","-13.3%","10.4%","1,161","72.5%","0.1%","4,027","2.0%","-21.5%",77,2,-15,"96.5%","0.0%","0.9%"
"62","Nassau County,NY","February 2017","$450K","-5.3%","2.3%","850","-16.4%","-3.3%","1,319","13.6%","0.5%","4,198","4.2%","-19.4%",73,-4,-23,"96.8%","0.3%","1.3%"
"63","Nassau County,NY","March 2017","$470K","4.4%","9.3%","1,013","19.2%","0.9%","1,834","39.0%","-6.3%","4,513","7.5%","-20.1%",76,3,-26,"96.7%","-0.1%","1.1%"
"64","Nassau County,NY","April 2017","$470K","0.0%","5.6%","793","-21.7%","-8.5%","1,776","-3.2%","-11.3%","4,877","8.1%","-19.5%",70,-6,-29,"97.1%","0.4%","1.2%"
"65","Nassau County,NY","May 2017","$478K","1.6%","6.1%","1,037","30.8%","7.9%","1,945","9.5%","-0.2%","5,043","3.4%","-19.6%",55,-15,-21,"97.1%","0.0%","0.8%"
"66","Nassau County,NY","June 2017","$500K","4.7%","6.2%","1,341","29.3%","0.4%","1,795","-7.7%","3.8%","5,114","1.4%","-16.8%",45,-10,-18,"97.5%","0.4%","1.0%"
"67","Nassau County,NY","July 2017","$520K","4.0%","8.9%","1,267","-5.5%","-4.3%","1,516","-15.5%","6.7%","5,046","-1.3%","-15.7%",48,3,-11,"97.5%","0.0%","0.6%"
"68","Nassau County,NY","August 2017","$511K","-1.7%","5.4%","1,598","26.1%","1.5%","1,390","-8.3%","7.2%","4,834","-4.2%","-13.5%",45,-3,-9,"97.6%","0.1%","0.7%"
"69","Nassau County,NY","September 2017","$510K","-0.2%","9.7%","1,175","-26.5%","-9.8%","1,332","-4.2%","-1.3%","4,773","-1.3%","-11.5%",48,3,-12,"97.6%","0.0%","0.6%"
"70","Nassau County,NY","October 2017","$495K","-2.9%","5.3%","1,205","2.6%","2.5%","1,253","-5.9%","9.4%","4,511","-5.5%","-11.2%",52,4,-19,"97.5%","0.0%","0.8%"
"71","Nassau County,NY","November 2017","$485K","-2.0%","5.4%","1,060","-12.0%","-3.5%","1,127","-10.1%","16.7%","4,242","-6.0%","-8.0%",57,5,-20,"97.3%","-0.3%","1.0%"
"72","Nassau County,NY","December 2017","$495K","2.1%","5.3%","1,089","2.7%","-7.2%","706","-37.4%","4.9%","3,653","-13.9%","-7.5%",59,2,-16,"96.7%","-0.5%","0.2%"
"73","Nassau County,NY","January 2018","$495K","0.0%","4.2%","960","-11.8%","-5.6%","1,251","77.2%","7.8%","3,865","5.8%","-4.0%",64,5,-13,"96.9%","0.2%","0.4%"
"74","Nassau County,NY","February 2018","$500K","1.0%","11.1%","783","-18.4%","-7.9%","1,466","17.2%","11.1%","4,117","6.5%","-1.9%",70,6,-3,"97.0%","0.1%","0.2%"
"75","Nassau County,NY","March 2018","$500K","0.0%","6.4%","956","22.1%","-5.6%","1,665","13.6%","-9.2%","4,338","5.4%","-3.9%",71,1,-5,"96.8%","-0.2%","0.1%"
"76","Nassau County,NY","April 2018","$490K","-2.0%","4.3%","870","-9.0%","9.7%","1,993","19.7%","12.2%","4,757","9.7%","-2.5%",62,-9,-8,"97.4%","0.7%","0.3%"
"77","Nassau County,NY","May 2018","$515K","5.1%","7.9%","1,003","15.3%","-3.3%","2,243","12.5%","15.3%","5,274","10.9%","4.6%",48,-14,-7,"97.1%","-0.3%","0.0%"
"78","Nassau County,NY","June 2018","$515K","0.0%","3.0%","1,328","32.4%","-1.0%","1,807","-19.4%","0.7%","5,415","2.7%","5.9%",46,-2,1,"98.0%","0.9%","0.5%"
"79","Nassau County,NY","July 2018","$535K","3.9%","2.9%","1,314","-1.1%","3.7%","1,683","-6.9%","11.0%","5,589","3.2%","10.8%",39,-7,-9,"97.9%","-0.1%","0.5%"
"80","Nassau County,NY","August 2018","$545K","1.9%","6.7%","1,516","15.4%","-5.1%","1,425","-15.3%","2.5%","5,283","-5.5%","9.3%",42,3,-3,"97.7%","-0.2%","0.1%"
"81","Nassau County,NY","September 2018","$520K","-4.6%","2.0%","1,055","-30.4%","-10.2%","1,433","0.6%","7.6%","5,370","1.6%","12.5%",49,7,1,"97.3%","-0.4%","-0.2%"
"82","Nassau County,NY","October 2018","$520K","0.0%","5.1%","1,232","16.8%","2.2%","1,456","1.6%","16.2%","5,152","-4.1%","14.2%",55,6,3,"96.8%","-0.5%","-0.7%"
"83","Nassau County,NY","November 2018","$525K","0.9%","8.2%","1,160","-5.8%","9.4%","1,159","-20.4%","2.8%","4,908","-4.7%","15.7%",60,5,3,"97.4%","0.5%","0.1%"
"84","Nassau County,NY","December 2018","$515K","-1.9%","4.0%","1,068","-7.9%","-1.9%","716","-38.2%","1.4%","4,255","-13.3%","16.5%",64,4,5,"97.0%","-0.3%","0.3%"
"85","Nassau County,NY","January 2019","$520K","1.0%","5.1%","960","-10.1%","0.0%","1,434","100.3%","14.6%","4,520","6.2%","16.9%",63,-1,-1,"96.9%","-0.1%","-0.1%"
"86","Nassau County,NY","February 2019","$505K","-2.9%","1.0%","803","-16.4%","2.6%","1,341","-6.5%","-8.5%","4,622","2.3%","12.3%",68,5,-2,"96.5%","-0.3%","-0.4%"
"87","Nassau County,NY","March 2019","$510K","1.0%","2.0%","918","14.3%","-4.0%","1,922","43.3%","15.4%","5,050","9.3%","16.4%",77,9,6,"96.3%","-0.2%","-0.4%"
"88","Nassau County,NY","April 2019","$500K","-2.0%","2.0%","957","4.2%","10.0%","2,057","7.0%","3.2%","5,466","8.2%","14.9%",66,-11,4,"97.2%","0.8%","-0.3%"
"89","Nassau County,NY","May 2019","$525K","5.0%","1.9%","1,048","9.5%","4.5%","2,189","6.4%","-2.4%","5,931","8.5%","12.5%",60,-6,12,"96.9%","-0.3%","-0.2%"
"90","Nassau County,NY","June 2019","$545K","3.8%","5.8%","1,188","13.4%","-10.5%","1,813","-17.2%","0.3%","6,051","2.0%","11.7%",45,-15,-1,"97.5%","0.7%","-0.5%"
"91","Nassau County,NY","July 2019","$543K","-0.4%","1.5%","1,342","13.0%","2.1%","1,533","-15.4%","-8.9%","5,885","-2.7%","5.3%",46,1,7,"97.3%","-0.2%","-0.6%"
"92","Nassau County,NY","August 2019","$550K","1.3%","0.9%","1,402","4.5%","-7.5%","1,430","-6.7%","0.4%","5,584","-5.1%","5.7%",49,3,7,"97.4%","0.1%","-0.3%"
"93","Nassau County,NY","September 2019","$540K","-1.8%","3.8%","1,203","-14.2%","14.0%","1,642","14.8%","14.6%","5,725","2.5%","6.6%",52,3,3,"97.4%","0.0%","0.1%"
"94","Nassau County,NY","October 2019","$530K","-1.9%","1.9%","1,331","10.6%","8.0%","1,412","-14.0%","-3.0%","5,405","-5.6%","4.9%",63,11,8,"96.9%","-0.5%","0.1%"
"95","Nassau County,NY","November 2019","$530K","0.0%","1.0%","1,081","-18.8%","-6.8%","1,054","-25.4%","-9.1%","5,038","-6.8%","2.6%",63,0,3,"96.8%","-0.1%","-0.6%"
"96","Nassau County,NY","December 2019","$535K","1.0%","3.9%","1,166","7.9%","9.2%","676","-35.9%","-5.6%","4,232","-16.0%","-0.5%",62,-1,-2,"96.7%","-0.1%","-0.3%"
"97","Nassau County,NY","January 2020","$525K","-1.9%","1.0%","1,018","-12.7%","6.0%","1,375","103.4%","-4.1%","4,395","3.9%","-2.8%",72,10,9,"96.9%","0.2%","0.1%"
"98","Nassau County,NY","February 2020","$528K","0.5%","4.5%","893","-12.3%","11.2%","1,448","5.3%","8.0%","4,560","3.8%","-1.3%",75,3,7,"96.5%","-0.4%","0.0%"
"99","Nassau County,NY","March 2020","$525K","-0.5%","2.9%","792","-11.3%","-13.7%","1,371","-5.3%","-28.7%","4,404","-3.4%","-12.8%",75,0,-2,"96.9%","0.3%","0.5%"
"100","Nassau County,NY","April 2020","$550K","4.8%","10.1%","572","-27.8%","-40.2%","454","-66.9%","-77.9%","4,043","-8.2%","-26.0%",70,-5,4,"97.2%","0.3%","0.0%"
"101","Nassau County,NY","May 2020","$580K","5.4%","10.5%","580","1.4%","-44.7%","1,079","137.7%","-50.7%","4,328","7.0%","-27.0%",57,-13,-3,"96.8%","-0.3%","0.0%"
"102","Nassau County,NY","June 2020","$555K","-4.3%","1.8%","778","34.1%","-34.5%","2,146","98.9%","18.4%","4,892","13.0%","-19.2%",59,2,14,"96.8%","0.0%","-0.7%"
"103","Nassau County,NY","July 2020","$550K","-0.9%","1.3%","883","13.5%","-34.2%","2,183","1.7%","42.4%","4,822","-1.4%","-18.1%",64,5,18,"97.3%","0.5%","0.0%"
"104","Nassau County,NY","August 2020","$591K","7.5%","7.5%","1,026","16.2%","-26.8%","1,904","-12.8%","33.1%","4,718","-2.2%","-15.5%",52,-12,3,"97.0%","-0.3%","-0.4%"
"105","Nassau County,NY","September 2020","$585K","-1.1%","8.3%","1,433","39.7%","19.1%","1,823","-4.3%","11.0%","4,563","-3.3%","-20.3%",42,-10,-10,"97.8%","0.8%","0.3%"
"106","Nassau County,NY","October 2020","$590K","0.9%","11.3%","1,600","11.7%","20.2%","1,708","-6.3%","21.0%","4,382","-4.0%","-18.9%",44,2,-19,"97.9%","0.1%","1.0%"
"107","Nassau County,NY","November 2020","$595K","0.8%","12.3%","1,468","-8.3%","35.8%","1,191","-30.3%","13.0%","4,128","-5.8%","-18.1%",42,-2,-21,"98.2%","0.3%","1.4%"
"108","Nassau County,NY","December 2020","$601K","0.9%","12.2%","1,648","12.3%","41.3%","869","-27.0%","28.6%","3,442","-16.6%","-18.7%",40,-2,-22,"98.4%","0.1%","1.7%"
"109","Nassau County,NY","January 2021","$603K","0.5%","14.9%","1,264","-23.3%","24.2%","1,223","40.7%","-11.1%","3,326","-3.4%","-24.3%",42,2,-30,"98.3%","0.0%","1.4%"
"110","Nassau County,NY","February 2021","$594K","-1.6%","12.6%","1,121","-11.3%","25.5%","1,138","-7.0%","-21.4%","3,209","-3.5%","-29.6%",44,2,-31,"98.1%","-0.2%","1.6%"
"111","Nassau County,NY","March 2021","$599K","0.8%","14.1%","1,354","20.8%","71.0%","1,693","48.8%","23.5%","3,229","0.6%","-26.7%",49,5,-26,"98.3%","0.1%","1.4%"
"112","Nassau County,NY","April 2021","$629K","5.0%","14.3%","1,260","-6.9%","120.3%","1,926","13.8%","324.2%","3,509","8.7%","-13.2%",45,-4,-25,"98.6%","0.3%","1.4%"
"113","Nassau County,NY","May 2021","$631K","0.2%","8.7%","1,083","-14.0%","86.7%","1,914","-0.6%","77.4%","3,714","5.8%","-14.2%",43,-2,-14,"98.8%","0.3%","2.0%"
"114","Nassau County,NY","June 2021","$640K","1.5%","15.3%","1,475","36.2%","89.6%","1,969","2.9%","-8.2%","3,872","4.3%","-20.9%",31,-12,-28,"99.7%","0.8%","2.9%"
"115","Nassau County,NY","July 2021","$670K","4.6%","21.8%","1,456","-1.3%","64.9%","1,706","-13.4%","-21.9%","3,919","1.2%","-18.7%",28,-3,-36,"100.2%","0.5%","2.8%"
"116","Nassau County,NY","August 2021","$669K","-0.1%","13.1%","1,628","11.8%","58.7%","1,425","-16.5%","-25.2%","3,674","-6.3%","-22.1%",28,0,-24,"100.1%","-0.1%","3.1%"
"117","Nassau County,NY","September 2021","$662K","-1.0%","13.2%","1,383","-15.0%","-3.5%","1,339","-6.0%","-26.5%","3,555","-3.2%","-22.1%",32,4,-10,"99.8%","-0.3%","2.0%"
"118","Nassau County,NY","October 2021","$650K","-1.8%","10.2%","1,365","-1.3%","-14.7%","1,284","-4.1%","-24.8%","3,223","-9.3%","-26.4%",34,2,-10,"99.6%","-0.2%","1.7%"
"119","Nassau County,NY","November 2021","$650K","0.0%","9.2%","1,230","-9.9%","-16.2%","1,030","-19.8%","-13.5%","2,799","-13.2%","-32.2%",38,4,-4,"99.2%","-0.4%","1.0%"
"120","Nassau County,NY","December 2021","$645K","-0.8%","7.4%","1,338","8.8%","-18.8%","708","-31.3%","-18.5%","2,241","-19.9%","-34.9%",38,0,-2,"99.4%","0.2%","1.1%"
"121","Nassau County,NY","January 2022","$650K","0.8%","7.7%","1,230","-8.1%","-2.7%","1,056","49.2%","-13.7%","2,298","2.5%","-30.9%",41,3,-1,"99.2%","-0.2%","0.9%"
"122","Nassau County,NY","February 2022","$650K","0.0%","9.4%","1,005","-18.3%","-10.3%","1,114","5.5%","-2.1%","2,299","0.0%","-28.4%",43,2,-1,"99.1%","-0.1%","1.0%"
"123","Nassau County,NY","March 2022","$650K","0.0%","8.5%","1,145","13.9%","-15.4%","1,618","45.2%","-4.4%","2,490","8.3%","-22.9%",43,0,-6,"99.6%","0.5%","1.3%"
"124","Nassau County,NY","April 2022","$670K","3.0%","6.4%","962","-16.0%","-23.7%","1,526","-5.7%","-20.8%","2,612","4.9%","-25.6%",34,-9,-11,"100.1%","0.5%","1.5%"
"125","Nassau County,NY","May 2022","$687K","2.5%","8.9%","1,164","21.0%","7.5%","1,716","12.5%","-10.3%","2,927","12.1%","-21.2%",28,-6,-15,"100.7%","0.6%","1.8%"
"126","Nassau County,NY","June 2022","$720K","4.9%","12.5%","1,320","13.4%","-10.5%","1,780","3.7%","-9.6%","3,282","12.1%","-15.2%",24,-4,-7,"101.7%","1.0%","2.0%"
"127","Nassau County,NY","July 2022","$715K","-0.7%","6.8%","1,151","-12.8%","-20.9%","1,383","-22.3%","-18.9%","3,334","1.6%","-14.9%",26,2,-2,"101.0%","-0.7%","0.8%"
"128","Nassau County,NY","August 2022","$700K","-2.1%","4.7%","1,397","21.4%","-14.2%","1,198","-13.4%","-15.9%","3,173","-4.8%","-13.6%",27,1,-1,"100.7%","-0.3%","0.6%"
"129","Nassau County,NY","September 2022","$695K","-0.8%","4.9%","1,094","-21.7%","-20.9%","1,158","-3.3%","-13.5%","3,154","-0.6%","-11.3%",32,5,0,"99.6%","-1.1%","-0.2%"
"130","Nassau County,NY","October 2022","$675K","-2.8%","3.8%","1,093","-0.1%","-19.9%","1,023","-11.7%","-20.3%","3,005","-4.7%","-6.8%",34,2,0,"99.5%","-0.1%","-0.1%"
"131","Nassau County,NY","November 2022","$663K","-1.9%","1.9%","968","-11.4%","-21.3%","808","-21.0%","-21.6%","2,805","-6.7%","0.2%",39,5,1,"98.7%","-0.8%","-0.5%"
"132","Nassau County,NY","December 2022","$650K","-1.9%","0.8%","920","-5.0%","-31.2%","461","-42.9%","-34.9%","2,370","-15.5%","5.8%",40,1,2,"98.1%","-0.6%","-1.3%"
"133","Nassau County,NY","January 2023","$655K","0.8%","0.8%","735","-20.1%","-40.2%","858","86.1%","-18.8%","2,409","1.6%","4.8%",42,2,1,"97.4%","-0.7%","-1.8%"
"134","Nassau County,NY","February 2023","$635K","-3.1%","-2.3%","618","-15.9%","-38.5%","875","2.0%","-21.5%","2,302","-4.4%","0.1%",49,7,6,"97.8%","0.4%","-1.3%"
"135","Nassau County,NY","March 2023","$640K","0.8%","-1.5%","757","22.5%","-33.9%","1,254","43.3%","-22.5%","2,343","1.8%","-5.9%",57,8,14,"97.2%","-0.6%","-2.4%"
"136","Nassau County,NY","April 2023","$655K","2.3%","-2.2%","638","-15.7%","-33.7%","1,178","-6.1%","-22.8%","2,391","2.0%","-8.5%",50,-7,16,"98.2%","1.0%","-1.9%"
"137","Nassau County,NY","May 2023","$665K","1.5%","-3.1%","900","41.1%","-22.7%","1,351","14.7%","-21.3%","2,510","5.0%","-14.2%",32,-18,4,"98.7%","0.5%","-2.0%"
"138","Nassau County,NY","June 2023","$689K","3.6%","-4.3%","1,062","18.0%","-19.5%","1,243","-8.0%","-30.2%","2,437","-2.9%","-25.7%",26,-6,2,"99.5%","0.8%","-2.2%"
"139","Nassau County,NY","July 2023","$716K","3.9%","0.1%","960","-9.6%","-16.6%","1,141","-8.2%","-17.5%","2,463","1.1%","-26.1%",26,0,0,"100.0%","0.4%","-1.0%"
"140","Nassau County,NY","August 2023","$725K","1.3%","3.6%","1,228","27.9%","-12.1%","1,057","-7.4%","-11.8%","2,356","-4.3%","-25.7%",27,1,0,"100.0%","0.1%","-0.7%"
"141","Nassau County,NY","September 2023","$730K","0.7%","5.1%","941","-23.4%","-14.0%","978","-7.5%","-15.5%","2,334","-0.9%","-26.0%",28,1,-4,"100.1%","0.0%","0.5%"
"142","Nassau County,NY","October 2023","$720K","-1.4%","6.7%","966","2.7%","-11.6%","952","-2.7%","-6.9%","2,206","-5.5%","-26.6%",29,1,-5,"99.8%","-0.2%","0.3%"
"143","Nassau County,NY","November 2023","$710K","-1.4%","7.2%","821","-15.0%","-15.2%","774","-18.7%","-4.2%","2,090","-5.3%","-25.5%",33,4,-6,"99.7%","-0.1%","1.0%"
"144","Nassau County,NY","December 2023","$700K","-1.4%","7.7%","804","-2.1%","-12.6%","518","-33.1%","12.4%","1,781","-14.8%","-24.9%",29,-4,-11,"99.8%","0.1%","1.7%"
"145","Nassau County,NY","January 2024","$700K","0.0%","6.9%","773","-3.9%","5.2%","832","60.6%","-3.0%","1,791","0.6%","-25.7%",33,4,-9,"99.9%","0.1%","2.5%"
"146","Nassau County,NY","February 2024","$718K","2.6%","13.1%","615","-20.4%","-0.5%","963","15.7%","10.1%","1,923","7.4%","-16.5%",37,4,-12,"99.1%","-0.8%","1.3%"
"147","Nassau County,NY","March 2024","$705K","-1.8%","10.2%","708","15.1%","-6.5%","1,135","17.9%","-9.5%","1,987","3.3%","-15.2%",40,3,-17,"99.4%","0.3%","2.2%"
"148","Nassau County,NY","April 2024","$745K","5.7%","13.7%","671","-5.2%","5.2%","1,294","14.0%","9.8%","2,199","10.7%","-8.0%",33,-7,-17,"100.2%","0.8%","2.0%"
"149","Nassau County,NY","May 2024","$755K","1.3%","13.5%","803","19.7%","-10.8%","1,430","10.5%","5.8%","2,429","10.5%","-3.2%",28,-5,-4,"100.3%","0.1%","1.7%"
"150","Nassau County,NY","June 2024","$780K","3.3%","13.2%","942","17.3%","-11.3%","1,219","-14.8%","-1.9%","2,541","4.6%","4.3%",23,-5,-3,"101.2%","0.8%","1.6%"
"151","Nassau County,NY","July 2024","$785K","0.6%","9.6%","966","2.5%","0.6%","1,105","-9.4%","-3.2%","2,518","-0.9%","2.2%",23,0,-3,"101.3%","0.2%","1.4%"
"152","Nassau County,NY","August 2024","$815K","3.8%","12.4%","1,053","9.0%","-14.3%","1,029","-6.9%","-2.6%","2,437","-3.2%","3.4%",25,2,-2,"100.8%","-0.5%","0.8%"
"153","Nassau County,NY","September 2024","$790K","-3.1%","8.2%","971","-7.8%","3.2%","1,071","4.1%","9.5%","2,448","0.5%","4.9%",27,2,-1,"100.7%","-0.1%","0.6%"
"154","Nassau County,NY","October 2024","$765K","-3.2%","6.3%","921","-5.1%","-4.7%","994","-7.2%","4.4%","2,350","-4.0%","6.5%",31,4,2,"100.4%","-0.3%","0.5%"
"155","Nassau County,NY","November 2024","$760K","-0.7%","7.0%","790","-14.2%","-3.8%","777","-21.8%","0.4%","2,141","-8.9%","2.4%",33,2,0,"100.3%","-0.1%","0.5%"
"156","Nassau County,NY","December 2024","$799K","5.1%","14.1%","896","13.4%","11.4%","494","-36.4%","-4.6%","1,807","-15.6%","1.5%",35,2,6,"100.1%","-0.2%","0.3%"
"157","Nassau County,NY","January 2025","$770K","-3.6%","10.0%","819","-8.6%","6.0%","872","76.5%","4.8%","1,902","5.3%","6.2%",34,-1,1,"99.5%","-0.6%","-0.4%"
"158","Nassau County,NY","February 2025","$780K","1.3%","8.6%","641","-21.7%","4.2%","879","0.8%","-8.7%","1,919","0.9%","-0.2%",36,2,-1,"99.8%","0.3%","0.7%"
"159","Nassau County,NY","March 2025","$779K","-0.1%","10.5%","736","14.8%","4.0%","1,215","38.2%","7.0%","2,118","10.4%","6.6%",42,6,2,"99.4%","-0.4%","-0.1%"
"160","Nassau County,NY","April 2025","$770K","-1.2%","3.4%","701","-4.8%","4.5%","1,328","9.3%","2.6%","2,382","12.5%","8.3%",31,-11,-2,"100.6%","1.2%","0.4%"
"161","Nassau County,NY","May 2025","$785K","1.9%","4.0%","780","11.3%","-2.9%","1,434","8.0%","0.3%","2,620","10.0%","7.9%",28,-3,0,"100.8%","0.2%","0.4%"
"162","Nassau County,NY","June 2025","$825K","5.1%","5.8%","885","13.5%","-6.1%","1,294","-9.8%","6.2%","2,737","4.5%","7.7%",27,-1,4,"101.2%","0.4%","0.0%"
"163","Nassau County,NY","July 2025","$825K","0.0%","5.1%","1,011","14.2%","4.7%","1,164","-10.0%","5.3%","2,695","-1.5%","7.0%",24,-3,1,"100.8%","-0.4%","-0.6%"
"164","Nassau County,NY","August 2025","$844K","2.3%","3.6%","1,096","8.4%","4.1%","955","-18.0%","-7.2%","2,497","-7.3%","2.5%",28,4,3,"100.7%","-0.1%","-0.1%"
"165","Nassau County,NY","September 2025","$815K","-3.4%","3.2%","970","-11.5%","-0.1%","1,139","19.3%","6.3%","2,606","4.4%","6.5%",32,4,5,"100.3%","-0.4%","-0.4%"
"166","Nassau County,NY","October 2025","$820K","0.6%","7.2%","982","1.2%","6.6%","995","-12.6%","0.1%","2,454","-5.8%","4.4%",36,4,5,"100.1%","-0.2%","-0.2%"
"167","Nassau County,NY","November 2025","$815K","-0.6%","7.2%","775","-21.1%","-1.9%","674","-32.3%","-13.3%","2,119","-13.7%","-1.0%",36,0,3,"99.7%","-0.4%","-0.5%"
"168","Nassau County,NY","December 2025","$810K","-0.6%","1.4%","873","12.6%","-2.6%","492","-27.0%","-0.4%","1,718","-18.9%","-4.9%",34,-2,-1,"100.2%","0.5%","0.1%"
"169","Nassau County, NY metro area","January 2012","$335K","-1.5%","-6.6%","1,309","-15.7%","1.5%","3,090","109.3%","15.3%","15,911","1.3%","-2.5%",137,-2,-31,"93.6%","-0.5%","-0.2%"
"170","Nassau County, NY metro area","February 2012","$335K","0.0%","-5.6%","1,224","-6.5%","-5.3%","3,135","1.5%","13.6%","16,435","3.3%","-1.3%",140,3,-13,"93.4%","-0.2%","-0.2%"
"171","Nassau County, NY metro area","March 2012","$328K","-2.0%","-3.4%","1,369","11.8%","1.0%","4,051","29.2%","-5.8%","17,300","5.3%","-3.0%",150,10,-1,"93.8%","0.4%","-0.4%"
"172","Nassau County, NY metro area","April 2012","$340K","3.6%","-1.4%","1,289","-5.8%","4.0%","3,871","-4.4%","2.6%","17,918","3.6%","-3.4%",144,-6,-5,"93.6%","-0.2%","-0.6%"
"173","Nassau County, NY metro area","May 2012","$350K","2.9%","-0.8%","1,732","34.4%","19.0%","3,584","-7.4%","-10.2%","18,261","1.9%","-6.6%",135,-9,-9,"94.0%","0.3%","-0.1%"
"174","Nassau County, NY metro area","June 2012","$355K","1.4%","-1.4%","1,955","12.9%","7.2%","3,220","-10.2%","-10.7%","18,058","-1.1%","-8.5%",118,-17,9,"94.2%","0.2%","-0.3%"
"175","Nassau County, NY metro area","July 2012","$365K","2.8%","-0.6%","2,012","2.9%","18.5%","2,958","-8.1%","1.3%","17,756","-1.7%","-9.2%",92,-26,-4,"95.0%","0.8%","0.6%"
"176","Nassau County, NY metro area","August 2012","$375K","2.7%","2.9%","2,292","13.9%","14.9%","2,695","-8.9%","2.1%","17,137","-3.5%","-9.9%",97,5,3,"94.7%","-0.3%","0.3%"
"177","Nassau County, NY metro area","September 2012","$360K","-4.0%","-1.4%","1,802","-21.4%","4.6%","2,705","0.4%","3.1%","16,782","-2.1%","-7.9%",101,4,-4,"94.5%","-0.2%","0.3%"
"178","Nassau County, NY metro area","October 2012","$350K","-2.8%","1.9%","1,686","-6.4%","10.9%","2,408","-11.0%","-7.8%","16,179","-3.6%","-9.0%",110,9,-11,"94.4%","-0.2%","0.2%"
"179","Nassau County, NY metro area","November 2012","$350K","0.0%","2.3%","1,469","-12.9%","4.2%","1,445","-40.0%","-30.0%","14,880","-8.0%","-12.0%",112,2,-17,"94.5%","0.2%","0.6%"
"180","Nassau County, NY metro area","December 2012","$352K","0.6%","3.5%","1,860","26.6%","19.8%","1,331","-7.9%","-9.8%","13,359","-10.2%","-14.9%",131,19,-8,"94.2%","-0.3%","0.1%"
"181","Nassau County, NY metro area","January 2013","$345K","-2.0%","3.0%","1,532","-17.6%","17.0%","3,090","132.2%","0.0%","13,741","2.9%","-13.6%",127,-4,-10,"94.0%","-0.3%","0.4%"
"182","Nassau County, NY metro area","February 2013","$337K","-2.3%","0.7%","1,292","-15.7%","5.6%","2,728","-11.7%","-13.0%","13,884","1.0%","-15.5%",134,7,-6,"94.3%","0.3%","0.9%"
"183","Nassau County, NY metro area","March 2013","$338K","0.1%","2.8%","1,443","11.7%","5.4%","3,556","30.4%","-12.2%","14,432","3.9%","-16.6%",140,6,-10,"94.1%","-0.2%","0.2%"
"184","Nassau County, NY metro area","April 2013","$345K","2.2%","1.5%","1,673","15.9%","29.8%","4,543","27.8%","17.4%","15,613","8.2%","-12.9%",136,-4,-8,"94.5%","0.5%","0.9%"
"185","Nassau County, NY metro area","May 2013","$345K","0.0%","-1.4%","1,972","17.9%","13.9%","4,164","-8.3%","16.2%","16,320","4.5%","-10.6%",110,-26,-25,"95.1%","0.5%","1.1%"
"186","Nassau County, NY metro area","June 2013","$380K","10.1%","7.0%","2,216","12.4%","13.4%","3,755","-9.8%","16.6%","16,732","2.5%","-7.3%",89,-21,-29,"95.1%","0.0%","0.9%"
"187","Nassau County, NY metro area","July 2013","$385K","1.3%","5.5%","2,599","17.3%","29.2%","3,387","-9.8%","14.5%","16,677","-0.3%","-6.1%",78,-11,-14,"95.7%","0.6%","0.7%"
"188","Nassau County, NY metro area","August 2013","$390K","1.3%","4.0%","2,765","6.4%","20.6%","3,029","-10.6%","12.4%","16,275","-2.4%","-5.0%",73,-5,-24,"95.6%","-0.1%","0.9%"
"189","Nassau County, NY metro area","September 2013","$365K","-6.4%","1.4%","2,246","-18.8%","24.6%","3,057","0.9%","13.0%","16,147","-0.8%","-3.8%",85,12,-16,"95.2%","-0.4%","0.7%"
"190","Nassau County, NY metro area","October 2013","$370K","1.4%","5.7%","2,480","10.4%","47.1%","2,860","-6.4%","18.8%","15,643","-3.1%","-3.3%",89,4,-21,"95.4%","0.1%","1.0%"
"191","Nassau County, NY metro area","November 2013","$365K","-1.4%","4.3%","2,004","-19.2%","36.4%","2,055","-28.1%","42.2%","14,718","-5.9%","-1.1%",95,6,-17,"95.1%","-0.3%","0.6%"
"192","Nassau County, NY metro area","December 2013","$352K","-3.6%","0.0%","2,221","10.8%","19.4%","1,317","-35.9%","-1.1%","13,095","-11.0%","-2.0%",96,1,-35,"95.1%","0.0%","0.9%"
"193","Nassau County, NY metro area","January 2014","$360K","2.3%","4.3%","1,682","-24.3%","9.8%","2,663","102.2%","-13.8%","13,125","0.2%","-4.5%",108,12,-19,"95.2%","0.1%","1.2%"
"194","Nassau County, NY metro area","February 2014","$345K","-4.2%","2.3%","1,435","-14.7%","11.1%","2,576","-3.3%","-5.6%","13,439","2.4%","-3.2%",109,1,-25,"95.1%","-0.1%","0.8%"
"195","Nassau County, NY metro area","March 2014","$340K","-1.4%","0.7%","1,500","4.5%","4.0%","4,147","61.0%","16.6%","14,536","8.2%","0.7%",122,13,-18,"95.0%","-0.1%","0.9%"
"196","Nassau County, NY metro area","April 2014","$350K","2.9%","1.4%","1,535","2.3%","-8.2%","4,519","9.0%","-0.5%","15,377","5.8%","-1.5%",125,3,-11,"95.0%","0.1%","0.5%"
"197","Nassau County, NY metro area","May 2014","$350K","0.0%","1.4%","1,742","13.5%","-11.7%","4,397","-2.7%","5.6%","16,223","5.5%","-0.6%",111,-14,1,"95.5%","0.5%","0.4%"
"198","Nassau County, NY metro area","June 2014","$378K","8.1%","-0.4%","2,324","33.4%","4.9%","4,127","-6.1%","9.9%","17,187","5.9%","2.7%",74,-37,-15,"95.7%","0.2%","0.6%"
"199","Nassau County, NY metro area","July 2014","$380K","0.5%","-1.3%","2,519","8.4%","-3.1%","3,538","-14.3%","4.5%","17,546","2.1%","5.2%",61,-13,-17,"95.9%","0.2%","0.2%"
"200","Nassau County, NY metro area","August 2014","$390K","2.6%","0.0%","2,466","-2.1%","-10.8%","3,097","-12.5%","2.2%","17,280","-1.5%","6.2%",56,-5,-17,"95.9%","0.0%","0.2%"
"201","Nassau County, NY metro area","September 2014","$379K","-2.8%","3.8%","2,519","2.1%","12.2%","3,273","5.7%","7.1%","16,978","-1.7%","5.1%",70,14,-15,"95.6%","-0.2%","0.4%"
"202","Nassau County, NY metro area","October 2014","$360K","-5.0%","-2.7%","2,371","-5.9%","-4.4%","2,970","-9.3%","3.8%","16,357","-3.7%","4.6%",87,17,-2,"95.5%","-0.1%","0.1%"
"203","Nassau County, NY metro area","November 2014","$368K","2.2%","0.8%","2,006","-15.4%","0.1%","2,102","-29.2%","2.3%","15,347","-6.2%","4.3%",93,6,-2,"95.3%","-0.2%","0.2%"
"204","Nassau County, NY metro area","December 2014","$370K","0.5%","5.1%","2,092","4.3%","-5.8%","1,604","-23.7%","21.8%","13,867","-9.6%","5.9%",99,6,3,"95.3%","0.0%","0.2%"
"205","Nassau County, NY metro area","January 2015","$375K","1.4%","4.2%","1,666","-20.4%","-1.0%","2,701","68.4%","1.4%","14,054","1.3%","7.1%",102,3,-6,"95.2%","-0.1%","0.1%"
"206","Nassau County, NY metro area","February 2015","$357K","-4.8%","3.5%","1,498","-10.1%","4.4%","2,429","-10.1%","-5.7%","14,021","-0.2%","4.3%",110,8,1,"95.7%","0.4%","0.6%"
"207","Nassau County, NY metro area","March 2015","$360K","0.8%","5.9%","1,738","16.0%","15.9%","3,869","59.3%","-6.7%","14,812","5.6%","1.9%",118,8,-4,"95.1%","-0.6%","0.1%"
"208","Nassau County, NY metro area","April 2015","$364K","1.1%","4.0%","1,633","-6.0%","6.4%","4,820","24.6%","6.7%","16,282","9.9%","5.9%",124,6,-1,"95.6%","0.5%","0.6%"
"209","Nassau County, NY metro area","May 2015","$380K","4.4%","8.6%","1,895","16.0%","8.8%","4,726","-2.0%","7.5%","17,352","6.6%","7.0%",113,-11,2,"95.6%","0.0%","0.2%"
"210","Nassau County, NY metro area","June 2015","$388K","2.1%","2.6%","2,355","24.3%","1.3%","4,414","-6.6%","7.0%","17,766","2.4%","3.4%",84,-29,10,"95.9%","0.3%","0.2%"
"211","Nassau County, NY metro area","July 2015","$390K","0.5%","2.6%","2,864","21.6%","13.7%","3,697","-16.2%","4.5%","17,597","-1.0%","0.3%",72,-12,11,"96.2%","0.3%","0.3%"
"212","Nassau County, NY metro area","August 2015","$408K","4.5%","4.5%","3,007","5.0%","21.9%","3,212","-13.1%","3.7%","17,178","-2.4%","-0.6%",66,-6,10,"96.3%","0.1%","0.5%"
"213","Nassau County, NY metro area","September 2015","$382K","-6.2%","0.8%","2,592","-13.8%","2.9%","3,189","-0.7%","-2.6%","16,717","-2.7%","-1.5%",76,10,6,"96.0%","-0.4%","0.3%"
"214","Nassau County, NY metro area","October 2015","$380K","-0.7%","5.4%","2,572","-0.8%","8.5%","2,809","-11.9%","-5.4%","15,771","-5.7%","-3.6%",90,14,3,"96.1%","0.1%","0.6%"
"215","Nassau County, NY metro area","November 2015","$380K","0.1%","3.3%","2,167","-15.7%","8.0%","2,289","-18.5%","8.9%","14,762","-6.4%","-3.8%",93,3,0,"95.7%","-0.3%","0.4%"
"216","Nassau County, NY metro area","December 2015","$370K","-2.6%","0.0%","2,525","16.5%","20.7%","1,726","-24.6%","7.6%","13,115","-11.2%","-5.4%",97,4,-2,"95.9%","0.2%","0.6%"
"217","Nassau County, NY metro area","January 2016","$375K","1.4%","0.0%","1,943","-23.0%","16.6%","2,733","58.3%","1.2%","13,182","0.5%","-6.2%",103,6,1,"95.7%","-0.2%","0.4%"
"218","Nassau County, NY metro area","February 2016","$370K","-1.3%","3.6%","1,897","-2.4%","26.6%","2,914","6.6%","20.0%","13,356","1.3%","-4.7%",106,3,-4,"95.7%","0.1%","0.1%"
"219","Nassau County, NY metro area","March 2016","$368K","-0.6%","2.2%","2,056","8.4%","18.3%","4,169","43.1%","7.8%","13,999","4.8%","-5.5%",110,4,-8,"95.7%","0.0%","0.6%"
"220","Nassau County, NY metro area","April 2016","$375K","2.0%","3.0%","1,951","-5.1%","19.5%","4,280","2.7%","-11.2%","14,440","3.2%","-11.3%",111,1,-13,"95.9%","0.2%","0.3%"
"221","Nassau County, NY metro area","May 2016","$385K","2.7%","1.3%","2,171","11.3%","14.6%","4,214","-1.5%","-10.8%","14,751","2.2%","-15.0%",97,-14,-16,"96.2%","0.2%","0.5%"
"222","Nassau County, NY metro area","June 2016","$400K","3.9%","3.0%","2,986","37.5%","26.8%","3,932","-6.7%","-10.9%","14,534","-1.5%","-18.2%",75,-22,-9,"96.6%","0.4%","0.7%"
"223","Nassau County, NY metro area","July 2016","$405K","1.3%","3.8%","2,940","-1.5%","2.7%","3,304","-16.0%","-10.6%","14,360","-1.2%","-18.4%",68,-7,-4,"96.9%","0.4%","0.7%"
"224","Nassau County, NY metro area","August 2016","$415K","2.5%","1.8%","3,454","17.5%","14.9%","3,020","-8.6%","-6.0%","13,507","-5.9%","-21.4%",63,-5,-3,"97.0%","0.1%","0.7%"
"225","Nassau County, NY metro area","September 2016","$401K","-3.4%","4.9%","2,802","-18.9%","8.1%","3,005","-0.5%","-5.8%","13,000","-3.8%","-22.2%",67,4,-9,"96.8%","-0.2%","0.8%"
"226","Nassau County, NY metro area","October 2016","$399K","-0.5%","5.1%","2,567","-8.4%","-0.2%","2,645","-12.0%","-5.8%","12,349","-5.0%","-21.7%",76,9,-14,"96.8%","0.0%","0.7%"
"227","Nassau County, NY metro area","November 2016","$388K","-2.8%","2.0%","2,595","1.1%","19.8%","2,215","-16.3%","-3.2%","11,353","-8.1%","-23.1%",80,4,-13,"96.6%","-0.2%","0.9%"
"228","Nassau County, NY metro area","December 2016","$396K","2.2%","7.1%","2,698","4.0%","6.9%","1,568","-29.2%","-9.2%","9,830","-13.4%","-25.0%",83,3,-14,"96.4%","-0.2%","0.5%"
"229","Nassau County, NY metro area","January 2017","$405K","2.2%","8.0%","2,206","-18.2%","13.5%","2,691","71.6%","-1.5%","9,972","1.4%","-24.4%",85,2,-18,"96.5%","0.1%","0.9%"
"230","Nassau County, NY metro area","February 2017","$380K","-6.2%","2.7%","1,926","-12.7%","1.5%","2,982","10.8%","2.3%","10,269","3.0%","-23.1%",82,-3,-24,"96.7%","0.2%","1.0%"
"231","Nassau County, NY metro area","March 2017","$389K","2.4%","5.8%","2,249","16.8%","9.4%","4,092","37.2%","-1.8%","10,898","6.1%","-22.2%",85,3,-25,"96.8%","0.1%","1.1%"
"232","Nassau County, NY metro area","April 2017","$394K","1.4%","5.2%","1,894","-15.8%","-2.9%","3,937","-3.8%","-8.0%","11,526","5.8%","-20.2%",77,-8,-34,"97.0%","0.2%","1.0%"
"233","Nassau County, NY metro area","May 2017","$400K","1.4%","3.9%","2,434","28.5%","12.1%","4,366","10.9%","3.6%","11,953","3.7%","-19.0%",62,-15,-35,"97.3%","0.4%","1.2%"
"234","Nassau County, NY metro area","June 2017","$427K","6.8%","6.8%","2,953","21.3%","-1.1%","3,970","-9.1%","1.0%","12,017","0.5%","-17.3%",52,-10,-23,"97.4%","0.1%","0.8%"
"235","Nassau County, NY metro area","July 2017","$435K","1.9%","7.4%","2,817","-4.6%","-4.2%","3,473","-12.5%","5.1%","12,002","-0.1%","-16.4%",49,-3,-19,"97.7%","0.3%","0.7%"
"236","Nassau County, NY metro area","August 2017","$430K","-1.1%","3.6%","3,471","23.2%","0.5%","3,227","-7.1%","6.9%","11,555","-3.7%","-14.5%",48,-1,-15,"97.6%","0.0%","0.6%"
"237","Nassau County, NY metro area","September 2017","$420K","-2.3%","4.8%","2,747","-20.9%","-2.0%","3,104","-3.8%","3.3%","11,400","-1.3%","-12.3%",50,2,-17,"97.6%","0.0%","0.8%"
"238","Nassau County, NY metro area","October 2017","$420K","0.0%","5.3%","2,697","-1.8%","5.1%","2,864","-7.7%","8.3%","10,794","-5.3%","-12.6%",56,6,-20,"97.6%","0.0%","0.8%"
"239","Nassau County, NY metro area","November 2017","$412K","-1.9%","6.3%","2,538","-5.9%","-2.2%","2,444","-14.7%","10.3%","10,030","-7.1%","-11.7%",60,4,-20,"97.4%","-0.2%","0.8%"
"240","Nassau County, NY metro area","December 2017","$420K","1.9%","6.0%","2,578","1.6%","-4.4%","1,643","-32.8%","4.8%","8,813","-12.1%","-10.3%",59,-1,-24,"97.1%","-0.3%","0.7%"
"241","Nassau County, NY metro area","January 2018","$415K","-1.2%","2.5%","2,223","-13.8%","0.8%","2,736","66.5%","1.7%","9,060","2.8%","-9.1%",63,4,-22,"97.2%","0.1%","0.7%"
"242","Nassau County, NY metro area","February 2018","$405K","-2.4%","6.6%","1,785","-19.7%","-7.3%","3,145","14.9%","5.5%","9,469","4.5%","-7.8%",66,3,-16,"97.2%","0.0%","0.5%"
"243","Nassau County, NY metro area","March 2018","$420K","3.7%","8.0%","2,105","17.9%","-6.4%","3,667","16.6%","-10.4%","9,854","4.1%","-9.6%",70,4,-15,"97.0%","-0.2%","0.2%"
"244","Nassau County, NY metro area","April 2018","$420K","0.0%","6.5%","1,981","-5.9%","4.6%","4,355","18.8%","10.6%","10,622","7.8%","-7.8%",65,-5,-12,"97.3%","0.3%","0.4%"
"245","Nassau County, NY metro area","May 2018","$425K","1.2%","6.3%","2,401","21.2%","-1.4%","4,823","10.7%","10.5%","11,560","8.8%","-3.3%",52,-13,-10,"97.7%","0.4%","0.4%"
"246","Nassau County, NY metro area","June 2018","$440K","3.5%","3.0%","2,988","24.4%","1.2%","4,169","-13.6%","5.0%","12,032","4.1%","0.1%",43,-9,-9,"98.1%","0.4%","0.7%"
"247","Nassau County, NY metro area","July 2018","$455K","3.4%","4.6%","2,939","-1.6%","4.3%","3,846","-7.7%","10.7%","12,412","3.2%","3.4%",40,-3,-9,"98.2%","0.1%","0.6%"
"248","Nassau County, NY metro area","August 2018","$465K","2.2%","8.1%","3,353","14.1%","-3.4%","3,443","-10.5%","6.7%","12,000","-3.3%","3.9%",42,2,-6,"98.1%","-0.1%","0.5%"
"249","Nassau County, NY metro area","September 2018","$435K","-6.5%","3.6%","2,538","-24.3%","-7.6%","3,327","-3.4%","7.2%","12,152","1.3%","6.6%",47,5,-3,"97.8%","-0.3%","0.2%"
"250","Nassau County, NY metro area","October 2018","$443K","1.8%","5.5%","2,901","14.3%","7.6%","3,236","-2.7%","13.0%","11,586","-4.7%","7.3%",51,4,-5,"97.5%","-0.3%","0.0%"
"251","Nassau County, NY metro area","November 2018","$435K","-1.8%","5.6%","2,604","-10.2%","2.6%","2,534","-21.7%","3.7%","10,893","-6.0%","8.6%",56,5,-4,"97.7%","0.1%","0.3%"
"252","Nassau County, NY metro area","December 2018","$434K","-0.2%","3.3%","2,556","-1.8%","-0.9%","1,655","-34.7%","0.7%","9,601","-11.9%","8.9%",60,4,1,"97.4%","-0.3%","0.3%"
"253","Nassau County, NY metro area","January 2019","$435K","0.2%","4.8%","2,168","-15.2%","-2.5%","3,172","91.7%","15.9%","10,067","4.9%","11.1%",62,2,-1,"97.2%","-0.2%","0.0%"
"254","Nassau County, NY metro area","February 2019","$435K","0.0%","7.4%","1,842","-15.0%","3.2%","3,085","-2.7%","-1.9%","10,350","2.8%","9.3%",68,6,2,"97.0%","-0.2%","-0.2%"
"255","Nassau County, NY metro area","March 2019","$430K","-1.1%","2.4%","2,056","11.6%","-2.3%","4,226","37.0%","15.2%","11,154","7.8%","13.2%",71,3,1,"97.1%","0.1%","0.0%"
"256","Nassau County, NY metro area","April 2019","$435K","1.2%","3.6%","2,208","7.4%","11.5%","4,459","5.5%","2.4%","11,857","6.3%","11.6%",59,-12,-6,"97.6%","0.6%","0.3%"
"257","Nassau County, NY metro area","May 2019","$445K","2.3%","4.7%","2,478","12.2%","3.2%","4,633","3.9%","-3.9%","12,643","6.6%","9.4%",55,-4,3,"97.7%","0.1%","0.0%"
"258","Nassau County, NY metro area","June 2019","$465K","4.5%","5.7%","2,753","11.1%","-7.9%","3,978","-14.1%","-4.6%","12,843","1.6%","6.7%",45,-10,2,"98.0%","0.3%","-0.1%"
"259","Nassau County, NY metro area","July 2019","$475K","2.2%","4.4%","3,115","13.1%","6.0%","3,586","-9.9%","-6.8%","12,575","-2.1%","1.3%",45,0,5,"98.0%","0.0%","-0.3%"
"260","Nassau County, NY metro area","August 2019","$475K","0.0%","2.2%","3,250","4.3%","-3.1%","3,255","-9.2%","-5.5%","12,010","-4.5%","0.1%",45,0,3,"97.9%","-0.1%","-0.3%"
"261","Nassau County, NY metro area","September 2019","$472K","-0.7%","8.4%","2,689","-17.3%","5.9%","3,450","6.0%","3.7%","12,014","0.0%","-1.1%",49,4,2,"98.0%","0.1%","0.2%"
"262","Nassau County, NY metro area","October 2019","$460K","-2.4%","3.8%","2,919","8.6%","0.6%","3,132","-9.2%","-3.2%","11,293","-6.0%","-2.5%",55,6,4,"97.6%","-0.4%","0.0%"
"263","Nassau County, NY metro area","November 2019","$453K","-1.6%","4.1%","2,490","-14.7%","-4.4%","2,329","-25.6%","-8.1%","10,374","-8.1%","-4.8%",59,4,3,"97.5%","0.0%","-0.1%"
"264","Nassau County, NY metro area","December 2019","$463K","2.3%","6.7%","2,752","10.5%","7.7%","1,589","-31.8%","-4.0%","8,781","-15.4%","-8.5%",57,-2,-3,"97.4%","-0.1%","0.0%"
"265","Nassau County, NY metro area","January 2020","$457K","-1.3%","5.1%","2,405","-12.6%","10.9%","3,014","89.7%","-5.0%","9,081","3.4%","-9.8%",62,5,0,"97.4%","0.0%","0.2%"
"266","Nassau County, NY metro area","February 2020","$455K","-0.4%","4.6%","2,036","-15.3%","10.5%","3,164","5.0%","2.6%","9,461","4.2%","-8.6%",67,5,-1,"97.3%","0.0%","0.3%"
"267","Nassau County, NY metro area","March 2020","$460K","1.1%","7.0%","1,825","-10.4%","-11.2%","2,979","-5.8%","-29.5%","9,458","0.0%","-15.2%",67,0,-4,"97.5%","0.1%","0.4%"
"268","Nassau County, NY metro area","April 2020","$475K","3.3%","9.2%","1,485","-18.6%","-32.7%","1,096","-63.2%","-75.4%","8,589","-9.2%","-27.6%",60,-7,1,"97.7%","0.2%","0.1%"
"269","Nassau County, NY metro area","May 2020","$480K","1.1%","7.9%","1,591","7.1%","-35.8%","2,472","125.5%","-46.6%","8,973","4.5%","-29.0%",50,-10,-5,"97.7%","0.0%","0.0%"
"270","Nassau County, NY metro area","June 2020","$475K","-1.0%","2.2%","1,943","22.1%","-29.4%","4,566","84.7%","14.8%","9,774","8.9%","-23.9%",52,2,7,"97.5%","-0.3%","-0.5%"
"271","Nassau County, NY metro area","July 2020","$484K","1.9%","1.9%","2,070","6.5%","-33.5%","4,608","0.9%","28.5%","9,398","-3.8%","-25.3%",60,8,15,"97.7%","0.3%","-0.2%"
"272","Nassau County, NY metro area","August 2020","$515K","6.4%","8.4%","2,510","21.3%","-22.8%","4,223","-8.4%","29.7%","9,217","-1.9%","-23.3%",47,-13,2,"98.1%","0.4%","0.2%"
"273","Nassau County, NY metro area","September 2020","$525K","1.9%","11.3%","3,235","28.9%","20.3%","4,250","0.6%","23.2%","9,105","-1.2%","-24.2%",39,-8,-10,"98.6%","0.5%","0.6%"
"274","Nassau County, NY metro area","October 2020","$530K","1.0%","15.2%","3,651","12.9%","25.1%","3,791","-10.8%","21.0%","8,658","-4.9%","-23.3%",38,-1,-17,"98.9%","0.3%","1.4%"
"275","Nassau County, NY metro area","November 2020","$532K","0.3%","17.5%","3,203","-12.3%","28.6%","2,676","-29.4%","14.9%","8,083","-6.6%","-22.1%",35,-3,-24,"99.3%","0.4%","1.7%"
"276","Nassau County, NY metro area","December 2020","$530K","-0.3%","14.5%","3,839","19.9%","39.5%","1,917","-28.4%","20.6%","6,730","-16.7%","-23.4%",35,0,-22,"99.4%","0.1%","2.0%"
"277","Nassau County, NY metro area","January 2021","$538K","1.4%","17.6%","2,879","-25.0%","19.7%","2,586","34.9%","-14.2%","6,549","-2.7%","-27.9%",34,-1,-28,"99.3%","-0.1%","2.0%"
"278","Nassau County, NY metro area","February 2021","$535K","-0.5%","17.6%","2,541","-11.7%","24.8%","2,433","-5.9%","-23.1%","6,163","-5.9%","-34.9%",40,6,-27,"99.3%","0.0%","2.0%"
"279","Nassau County, NY metro area","March 2021","$532K","-0.5%","15.7%","2,872","13.0%","57.4%","3,578","47.1%","20.1%","6,213","0.8%","-34.3%",43,3,-24,"99.3%","0.0%","1.9%"
"280","Nassau County, NY metro area","April 2021","$550K","3.3%","15.8%","2,663","-7.3%","79.3%","4,090","14.3%","273.2%","6,789","9.3%","-21.0%",42,-1,-18,"99.4%","0.0%","1.7%"
"281","Nassau County, NY metro area","May 2021","$561K","2.0%","16.9%","2,455","-7.8%","54.3%","4,046","-1.1%","63.7%","7,088","4.4%","-21.0%",34,-8,-16,"100.0%","0.6%","2.3%"
"282","Nassau County, NY metro area","June 2021","$575K","2.5%","21.1%","3,159","28.7%","62.6%","4,269","5.5%","-6.5%","7,521","6.1%","-23.1%",29,-5,-23,"100.6%","0.6%","3.2%"
"283","Nassau County, NY metro area","July 2021","$580K","0.9%","19.8%","3,223","2.0%","55.7%","3,795","-11.1%","-17.6%","7,668","2.0%","-18.4%",26,-3,-34,"101.5%","0.9%","3.8%"
"284","Nassau County, NY metro area","August 2021","$600K","3.4%","16.5%","3,405","5.6%","35.7%","3,352","-11.7%","-20.6%","7,371","-3.9%","-20.0%",27,1,-20,"101.3%","-0.3%","3.2%"
"285","Nassau County, NY metro area","September 2021","$585K","-2.5%","11.5%","3,053","-10.3%","-5.6%","3,058","-8.8%","-28.0%","7,112","-3.5%","-21.9%",29,2,-10,"101.0%","-0.3%","2.4%"
"286","Nassau County, NY metro area","October 2021","$580K","-0.9%","9.4%","3,053","0.0%","-16.4%","2,958","-3.3%","-22.0%","6,617","-7.0%","-23.6%",31,2,-7,"100.7%","-0.3%","1.8%"
"287","Nassau County, NY metro area","November 2021","$580K","0.0%","9.1%","2,757","-9.7%","-13.9%","2,267","-23.4%","-15.3%","5,782","-12.6%","-28.5%",33,2,-2,"100.6%","-0.1%","1.4%"
"288","Nassau County, NY metro area","December 2021","$575K","-0.9%","8.5%","3,117","13.1%","-18.8%","1,578","-30.4%","-17.7%","4,571","-20.9%","-32.1%",35,2,0,"100.5%","-0.2%","1.0%"
"289","Nassau County, NY metro area","January 2022","$589K","2.4%","9.6%","2,621","-15.9%","-9.0%","2,252","42.7%","-12.9%","4,679","2.4%","-28.6%",37,2,3,"100.1%","-0.3%","0.8%"
"290","Nassau County, NY metro area","February 2022","$585K","-0.7%","9.3%","2,217","-15.4%","-12.8%","2,502","11.1%","2.8%","4,701","0.5%","-23.7%",38,1,-2,"100.2%","0.1%","0.9%"
"291","Nassau County, NY metro area","March 2022","$595K","1.7%","11.8%","2,423","9.3%","-15.6%","3,661","46.3%","2.3%","5,162","9.8%","-16.9%",39,1,-4,"100.4%","0.2%","1.1%"
"292","Nassau County, NY metro area","April 2022","$595K","0.0%","8.2%","2,187","-9.7%","-17.9%","3,410","-6.9%","-16.6%","5,516","6.9%","-18.8%",31,-8,-11,"101.0%","0.6%","1.7%"
"293","Nassau County, NY metro area","May 2022","$620K","4.2%","10.5%","2,456","12.3%","0.0%","3,860","13.2%","-4.6%","6,289","14.0%","-11.3%",26,-5,-8,"101.9%","0.8%","1.9%"
"294","Nassau County, NY metro area","June 2022","$625K","0.8%","8.7%","2,926","19.1%","-7.4%","3,931","1.8%","-7.9%","7,023","11.7%","-6.6%",23,-3,-6,"102.7%","0.8%","2.1%"
"295","Nassau County, NY metro area","July 2022","$630K","0.8%","8.6%","2,588","-11.6%","-19.7%","3,116","-20.7%","-17.9%","7,225","2.9%","-5.8%",25,2,-1,"102.3%","-0.4%","0.8%"
"296","Nassau County, NY metro area","August 2022","$630K","0.0%","5.0%","3,097","19.7%","-9.0%","2,799","-10.2%","-16.5%","6,820","-5.6%","-7.5%",28,3,1,"101.6%","-0.7%","0.4%"
"297","Nassau County, NY metro area","September 2022","$615K","-2.4%","5.1%","2,465","-20.4%","-19.3%","2,646","-5.5%","-13.5%","6,802","-0.3%","-4.4%",30,2,1,"100.6%","-1.0%","-0.4%"
"298","Nassau County, NY metro area","October 2022","$610K","-0.8%","5.2%","2,345","-4.9%","-23.2%","2,330","-11.9%","-21.2%","6,490","-4.6%","-1.9%",34,4,3,"100.2%","-0.4%","-0.5%"
"299","Nassau County, NY metro area","November 2022","$599K","-1.8%","3.3%","2,240","-4.5%","-18.8%","1,787","-23.3%","-21.2%","6,008","-7.4%","3.9%",37,3,4,"99.4%","-0.8%","-1.2%"
"300","Nassau County, NY metro area","December 2022","$585K","-2.3%","1.7%","2,153","-3.9%","-30.9%","1,115","-37.6%","-29.3%","5,056","-15.8%","10.6%",39,2,4,"98.9%","-0.5%","-1.6%"
"301","Nassau County, NY metro area","January 2023","$585K","0.0%","-0.7%","1,664","-22.7%","-36.5%","1,845","65.5%","-18.1%","5,049","-0.1%","7.9%",41,2,4,"98.3%","-0.6%","-1.9%"
"302","Nassau County, NY metro area","February 2023","$575K","-1.8%","-1.8%","1,438","-13.6%","-35.1%","1,871","1.4%","-25.2%","4,724","-6.4%","0.5%",46,5,8,"98.3%","0.0%","-1.9%"
"303","Nassau County, NY metro area","March 2023","$575K","0.1%","-3.4%","1,730","20.3%","-28.6%","2,693","43.9%","-26.4%","4,724","0.0%","-8.5%",51,5,12,"98.2%","-0.1%","-2.2%"
"304","Nassau County, NY metro area","April 2023","$590K","2.6%","-0.8%","1,538","-11.1%","-29.7%","2,445","-9.2%","-28.3%","4,749","0.5%","-13.9%",40,-11,9,"98.9%","0.8%","-2.1%"
"305","Nassau County, NY metro area","May 2023","$600K","1.7%","-3.2%","2,003","30.2%","-18.4%","2,928","19.8%","-24.1%","4,925","3.7%","-21.7%",30,-10,4,"99.8%","0.8%","-2.1%"
"306","Nassau County, NY metro area","June 2023","$620K","3.3%","-0.8%","2,357","17.7%","-19.4%","2,711","-7.4%","-31.0%","4,959","0.7%","-29.4%",25,-5,2,"100.5%","0.7%","-2.2%"
"307","Nassau County, NY metro area","July 2023","$645K","4.0%","2.4%","2,076","-11.9%","-19.8%","2,526","-6.8%","-18.9%","5,073","2.3%","-29.8%",25,0,0,"101.0%","0.5%","-1.3%"
"308","Nassau County, NY metro area","August 2023","$650K","0.8%","3.2%","2,621","26.3%","-15.4%","2,488","-1.5%","-11.1%","4,908","-3.3%","-28.0%",25,0,-3,"101.0%","0.0%","-0.7%"
"309","Nassau County, NY metro area","September 2023","$650K","0.0%","5.7%","2,111","-19.5%","-14.4%","2,294","-7.8%","-13.3%","4,976","1.4%","-26.8%",26,1,-4,"101.1%","0.1%","0.5%"
"310","Nassau County, NY metro area","October 2023","$642K","-1.2%","5.2%","2,117","0.3%","-9.7%","2,291","-0.1%","-1.7%","4,873","-2.1%","-24.9%",28,2,-6,"100.7%","-0.4%","0.4%"
"311","Nassau County, NY metro area","November 2023","$650K","1.2%","8.5%","1,851","-12.6%","-17.4%","1,773","-22.6%","-0.8%","4,591","-5.8%","-23.6%",29,1,-8,"100.8%","0.1%","1.4%"
"312","Nassau County, NY metro area","December 2023","$649K","-0.2%","10.9%","1,853","0.1%","-13.9%","1,154","-34.9%","3.5%","3,957","-13.8%","-21.7%",28,-1,-11,"100.5%","-0.3%","1.6%"
"313","Nassau County, NY metro area","January 2024","$635K","-2.2%","8.5%","1,766","-4.7%","6.1%","1,865","61.6%","1.1%","4,063","2.7%","-19.5%",30,2,-11,"100.6%","0.1%","2.3%"
"314","Nassau County, NY metro area","February 2024","$640K","0.8%","11.4%","1,381","-21.8%","-4.0%","2,167","16.2%","15.8%","4,232","4.2%","-10.4%",36,6,-10,"99.9%","-0.7%","1.6%"
"315","Nassau County, NY metro area","March 2024","$640K","0.0%","11.3%","1,509","9.3%","-12.8%","2,499","15.3%","-7.2%","4,386","3.6%","-7.2%",37,1,-14,"100.0%","0.1%","1.8%"
"316","Nassau County, NY metro area","April 2024","$656K","2.4%","11.1%","1,608","6.6%","4.6%","2,918","16.8%","19.3%","4,874","11.1%","2.6%",31,-6,-9,"100.8%","0.8%","1.9%"
"317","Nassau County, NY metro area","May 2024","$685K","4.5%","14.2%","1,880","16.9%","-6.1%","3,176","8.8%","8.5%","5,396","10.7%","9.6%",26,-5,-4,"101.2%","0.3%","1.4%"
"318","Nassau County, NY metro area","June 2024","$700K","2.2%","12.9%","2,065","9.8%","-12.4%","2,864","-9.8%","5.6%","5,647","4.7%","13.9%",23,-3,-2,"101.9%","0.8%","1.4%"
"319","Nassau County, NY metro area","July 2024","$700K","0.0%","8.5%","2,302","11.5%","10.9%","2,606","-9.0%","3.2%","5,628","-0.3%","10.9%",23,0,-2,"102.1%","0.2%","1.1%"
"320","Nassau County, NY metro area","August 2024","$715K","2.1%","10.0%","2,452","6.5%","-6.4%","2,456","-5.8%","-1.3%","5,459","-3.0%","11.2%",25,2,0,"101.5%","-0.6%","0.6%"
"321","Nassau County, NY metro area","September 2024","$720K","0.7%","10.8%","2,120","-13.5%","0.4%","2,525","2.8%","10.1%","5,562","1.9%","11.8%",28,3,2,"101.2%","-0.3%","0.1%"
"322","Nassau County, NY metro area","October 2024","$700K","-2.8%","9.0%","2,170","2.4%","2.5%","2,432","-3.7%","6.2%","5,393","-3.0%","10.7%",29,1,1,"101.1%","-0.1%","0.4%"
"323","Nassau County, NY metro area","November 2024","$693K","-1.1%","6.5%","1,962","-9.6%","6.0%","1,689","-30.6%","-4.7%","4,867","-9.8%","6.0%",31,2,2,"101.2%","0.0%","0.3%"
"324","Nassau County, NY metro area","December 2024","$715K","3.2%","10.2%","2,117","7.9%","14.2%","1,158","-31.4%","0.3%","4,195","-13.8%","6.0%",32,1,4,"100.9%","-0.2%","0.4%"
"325","Nassau County, NY metro area","January 2025","$705K","-1.4%","11.0%","1,820","-14.0%","3.1%","1,948","68.2%","4.5%","4,352","3.7%","7.1%",33,1,3,"100.3%","-0.6%","-0.3%"
"326","Nassau County, NY metro area","February 2025","$715K","1.4%","11.7%","1,447","-20.5%","4.8%","2,040","4.7%","-5.9%","4,488","3.1%","6.0%",36,3,0,"100.4%","0.1%","0.6%"
"327","Nassau County, NY metro area","March 2025","$700K","-2.1%","9.4%","1,612","11.4%","6.8%","2,759","35.2%","10.4%","4,906","9.3%","11.9%",38,2,1,"100.2%","-0.3%","0.1%"
"328","Nassau County, NY metro area","April 2025","$705K","0.7%","7.6%","1,621","0.6%","0.8%","2,864","3.8%","-1.9%","5,337","8.8%","9.5%",32,-6,1,"101.0%","0.9%","0.2%"
"329","Nassau County, NY metro area","May 2025","$711K","0.9%","3.8%","1,811","11.7%","-3.7%","3,188","11.3%","0.4%","5,859","9.8%","8.6%",28,-4,2,"101.3%","0.3%","0.1%"
"330","Nassau County, NY metro area","June 2025","$745K","4.8%","6.4%","1,993","10.0%","-3.5%","2,882","-9.6%","0.6%","6,140","4.8%","8.7%",26,-2,3,"101.6%","0.3%","-0.3%"
"331","Nassau County, NY metro area","July 2025","$745K","0.0%","6.4%","2,299","15.4%","-0.1%","2,724","-5.5%","4.5%","6,130","-0.2%","8.9%",25,-1,2,"101.7%","0.1%","-0.4%"
"332","Nassau County, NY metro area","August 2025","$750K","0.7%","4.9%","2,441","6.2%","-0.4%","2,342","-14.0%","-4.6%","5,823","-5.0%","6.7%",28,3,3,"101.3%","-0.3%","-0.2%"
"333","Nassau County, NY metro area","September 2025","$750K","0.0%","4.2%","2,151","-11.9%","1.5%","2,578","10.1%","2.1%","5,951","2.2%","7.0%",30,2,2,"100.7%","-0.6%","-0.5%"
"334","Nassau County, NY metro area","October 2025","$730K","-2.7%","4.3%","2,356","9.5%","8.6%","2,308","-10.5%","-5.1%","5,525","-7.2%","2.4%",35,5,6,"100.5%","-0.2%","-0.6%"
"335","Nassau County, NY metro area","November 2025","$750K","2.7%","8.3%","1,804","-23.4%","-8.1%","1,568","-32.1%","-7.2%","4,842","-12.4%","-0.5%",36,1,5,"100.4%","-0.1%","-0.7%"
"336","Nassau County, NY metro area","December 2025","$735K","-2.0%","2.8%","2,072","14.9%","-2.1%","1,106","-29.5%","-4.5%","3,934","-18.8%","-6.2%",35,-1,3,"100.6%","0.2%","-0.4%"
"337","New York, NY","May 2015","$575K","","","2,688","","","4,801","","","23,263","","",132,NA,NA,"97.2%","",""
"338","New York, NY","June 2015","$599K","4.2%","","3,168","17.9%","","4,659","-3.0%","","22,959","-1.3%","",125,-7,NA,"97.5%","0.2%",""
"339","New York, NY","July 2015","$621K","3.6%","","3,180","0.4%","","4,114","-11.7%","","22,424","-2.3%","",120,-5,NA,"97.2%","-0.2%",""
"340","New York, NY","August 2015","$595K","-4.1%","","3,160","-0.6%","","3,671","-10.8%","","21,834","-2.6%","",115,-5,NA,"97.6%","0.4%",""
"341","New York, NY","September 2015","$590K","-0.8%","","3,068","-2.9%","","4,717","28.5%","","22,228","1.8%","",119,4,NA,"97.4%","-0.3%",""
"342","New York, NY","October 2015","$570K","-3.4%","","3,035","-1.1%","","4,407","-6.6%","","22,287","0.3%","",122,3,NA,"97.1%","-0.2%",""
"343","New York, NY","November 2015","$565K","-0.9%","","2,582","-14.9%","","3,190","-27.6%","","21,801","-2.2%","",119,-3,NA,"96.9%","-0.2%",""
"344","New York, NY","December 2015","$580K","2.7%","","3,098","20.0%","","2,157","-32.4%","","19,958","-8.5%","",122,3,NA,"96.9%","0.0%",""
"345","New York, NY","January 2016","$610K","5.2%","","2,541","-18.0%","","3,602","67.0%","","19,922","-0.2%","",123,1,NA,"97.0%","0.1%",""
"346","New York, NY","February 2016","$586K","-3.9%","","2,630","3.5%","","3,899","8.2%","","20,355","2.2%","",132,9,NA,"96.9%","-0.2%",""
"347","New York, NY","March 2016","$610K","4.1%","","2,726","3.7%","","5,153","32.2%","","21,401","5.1%","",141,9,NA,"96.8%","-0.1%",""
"348","New York, NY","April 2016","$612K","0.3%","","2,418","-11.3%","","5,056","-1.9%","","22,268","4.1%","",136,-5,NA,"97.2%","0.3%",""
"349","New York, NY","May 2016","$657K","7.4%","14.3%","2,704","11.8%","0.6%","4,672","-7.6%","-2.7%","22,679","1.8%","-2.5%",126,-10,-6,"97.2%","0.0%","-0.1%"
"350","New York, NY","June 2016","$640K","-2.6%","6.8%","3,135","15.9%","-1.0%","4,333","-7.3%","-7.0%","22,415","-1.2%","-2.4%",119,-7,-6,"97.3%","0.1%","-0.2%"
"351","New York, NY","July 2016","$650K","1.6%","4.7%","2,894","-7.7%","-9.0%","3,672","-15.3%","-10.7%","22,042","-1.7%","-1.7%",117,-2,-3,"97.6%","0.3%","0.4%"
"352","New York, NY","August 2016","$635K","-2.3%","6.7%","3,406","17.7%","7.8%","3,490","-5.0%","-4.9%","21,220","-3.7%","-2.8%",117,0,2,"97.2%","-0.4%","-0.4%"
"353","New York, NY","September 2016","$625K","-1.6%","5.9%","3,140","-7.8%","2.3%","4,652","33.3%","-1.4%","21,600","1.8%","-2.8%",118,1,-1,"97.5%","0.2%","0.1%"
"354","New York, NY","October 2016","$630K","0.8%","10.5%","2,805","-10.7%","-7.6%","3,771","-18.9%","-14.4%","21,126","-2.2%","-5.2%",126,8,4,"97.3%","-0.2%","0.1%"
"355","New York, NY","November 2016","$630K","0.0%","11.5%","2,723","-2.9%","5.5%","3,172","-15.9%","-0.6%","20,640","-2.3%","-5.3%",120,-6,1,"97.4%","0.1%","0.5%"
"356","New York, NY","December 2016","$628K","-0.3%","8.3%","3,032","11.3%","-2.1%","2,170","-31.6%","0.6%","19,099","-7.5%","-4.3%",118,-2,-4,"97.2%","-0.1%","0.3%"
"357","New York, NY","January 2017","$678K","8.0%","11.2%","2,955","-2.5%","16.3%","3,622","66.9%","0.6%","18,973","-0.7%","-4.8%",128,10,5,"97.5%","0.2%","0.5%"
"358","New York, NY","February 2017","$654K","-3.6%","11.6%","2,514","-14.9%","-4.4%","3,725","2.8%","-4.5%","19,198","1.2%","-5.7%",133,5,1,"97.5%","0.0%","0.6%"
"359","New York, NY","March 2017","$675K","3.2%","10.7%","2,957","17.6%","8.5%","4,771","28.1%","-7.4%","19,734","2.8%","-7.8%",141,8,0,"97.5%","0.1%","0.7%"
"360","New York, NY","April 2017","$690K","2.2%","12.7%","2,466","-16.6%","2.0%","4,501","-5.7%","-11.0%","20,350","3.1%","-8.6%",133,-8,-3,"97.4%","-0.1%","0.2%"
"361","New York, NY","May 2017","$700K","1.4%","6.5%","2,903","17.7%","7.4%","5,047","12.1%","8.0%","21,103","3.7%","-6.9%",116,-17,-10,"97.7%","0.3%","0.6%"
"362","New York, NY","June 2017","$765K","9.3%","19.5%","3,908","34.6%","24.7%","7,309","44.8%","68.7%","21,918","3.9%","-2.2%",115,-1,-4,"98.0%","0.3%","0.7%"
"363","New York, NY","July 2017","$705K","-7.8%","8.5%","2,862","-26.8%","-1.1%","4,126","-43.5%","12.4%","21,706","-1.0%","-1.5%",108,-7,-9,"98.0%","0.0%","0.4%"
"364","New York, NY","August 2017","$730K","3.5%","15.0%","3,681","28.6%","8.1%","3,829","-7.2%","9.7%","20,505","-5.5%","-3.4%",110,2,-7,"97.7%","-0.3%","0.5%"
"365","New York, NY","September 2017","$695K","-4.8%","11.2%","2,970","-19.3%","-5.4%","4,777","24.8%","2.7%","20,859","1.7%","-3.4%",108,-2,-10,"98.0%","0.3%","0.6%"
"366","New York, NY","October 2017","$675K","-2.9%","7.1%","3,170","6.7%","13.0%","4,467","-6.5%","18.5%","20,898","0.2%","-1.1%",105,-3,-21,"97.4%","-0.6%","0.2%"
"367","New York, NY","November 2017","$695K","3.0%","10.3%","2,780","-12.3%","2.1%","3,317","-25.7%","4.6%","20,210","-3.3%","-2.1%",111,6,-9,"97.7%","0.3%","0.3%"
"368","New York, NY","December 2017","$696K","0.1%","10.8%","3,013","8.4%","-0.6%","2,118","-36.1%","-2.4%","18,684","-7.6%","-2.2%",105,-6,-13,"97.5%","-0.2%","0.3%"
"369","New York, NY","January 2018","$699K","0.4%","3.0%","2,743","-9.0%","-7.2%","4,078","92.5%","12.6%","19,050","2.0%","0.4%",111,6,-17,"97.6%","0.1%","0.1%"
"370","New York, NY","February 2018","$699K","0.1%","6.9%","2,321","-15.4%","-7.7%","4,257","4.4%","14.3%","19,906","4.5%","3.7%",117,6,-16,"97.4%","-0.3%","-0.1%"
"371","New York, NY","March 2018","$760K","8.7%","12.6%","2,946","26.9%","-0.4%","4,801","12.8%","0.6%","20,731","4.1%","5.1%",134,17,-7,"97.6%","0.2%","0.1%"
"372","New York, NY","April 2018","$700K","-7.9%","1.4%","2,703","-8.2%","9.6%","5,815","21.1%","29.2%","22,262","7.4%","9.4%",126,-8,-7,"97.6%","0.0%","0.2%"
"373","New York, NY","May 2018","$725K","3.6%","3.6%","2,952","9.2%","1.7%","5,594","-3.8%","10.8%","23,530","5.7%","11.5%",112,-14,-4,"97.6%","0.0%","-0.1%"
"374","New York, NY","June 2018","$755K","4.1%","-1.3%","3,325","12.6%","-14.9%","4,990","-10.8%","-31.7%","22,588","-4.0%","3.1%",111,-1,-4,"97.9%","0.3%","-0.1%"
"375","New York, NY","July 2018","$750K","-0.7%","6.4%","3,155","-5.1%","10.2%","4,317","-13.5%","4.6%","22,416","-0.8%","3.3%",105,-6,-3,"97.4%","-0.5%","-0.6%"
"376","New York, NY","August 2018","$725K","-3.3%","-0.7%","3,281","4.0%","-10.9%","4,001","-7.3%","4.5%","21,918","-2.2%","6.9%",104,-1,-6,"97.7%","0.3%","0.0%"
"377","New York, NY","September 2018","$710K","-2.1%","2.2%","2,710","-17.4%","-8.8%","5,056","26.4%","5.8%","22,414","2.3%","7.5%",111,7,3,"97.3%","-0.4%","-0.7%"
"378","New York, NY","October 2018","$693K","-2.3%","2.7%","3,074","13.4%","-3.0%","5,248","3.8%","17.5%","23,082","3.0%","10.5%",109,-2,4,"97.4%","0.1%","-0.1%"
"379","New York, NY","November 2018","$700K","1.0%","0.7%","2,628","-14.5%","-5.5%","3,589","-31.6%","8.2%","22,483","-2.6%","11.2%",111,2,0,"97.3%","-0.1%","-0.4%"
"380","New York, NY","December 2018","$705K","0.7%","1.4%","2,639","0.4%","-12.4%","2,250","-37.3%","6.2%","20,795","-7.5%","11.3%",108,-3,3,"97.2%","-0.1%","-0.3%"
"381","New York, NY","January 2019","$685K","-2.8%","-1.9%","2,574","-2.5%","-6.2%","4,746","110.9%","16.4%","21,053","1.2%","10.5%",114,6,3,"97.4%","0.1%","-0.3%"
"382","New York, NY","February 2019","$700K","2.2%","0.1%","2,199","-14.6%","-5.3%","4,230","-10.9%","-0.6%","21,471","2.0%","7.9%",132,18,15,"97.1%","-0.3%","-0.3%"
"383","New York, NY","March 2019","$705K","0.7%","-7.2%","2,548","15.9%","-13.5%","5,325","25.9%","10.9%","22,415","4.4%","8.1%",139,7,5,"97.0%","-0.1%","-0.6%"
"384","New York, NY","April 2019","$730K","3.5%","4.3%","2,632","3.3%","-2.6%","5,874","10.3%","1.0%","23,753","6.0%","6.7%",143,4,17,"96.9%","-0.1%","-0.7%"
"385","New York, NY","May 2019","$735K","0.7%","1.4%","2,898","10.1%","-1.8%","5,698","-3.0%","1.9%","24,630","3.7%","4.7%",130,-13,18,"97.3%","0.4%","-0.3%"
"386","New York, NY","June 2019","$792K","7.8%","4.9%","3,147","8.6%","-5.4%","4,751","-16.6%","-4.8%","24,347","-1.1%","7.8%",119,-11,8,"97.3%","-0.1%","-0.7%"
"387","New York, NY","July 2019","$725K","-8.5%","-3.3%","2,936","-6.7%","-6.9%","4,305","-9.4%","-0.3%","23,505","-3.5%","4.9%",113,-6,8,"97.3%","0.0%","-0.1%"
"388","New York, NY","August 2019","$730K","0.7%","0.7%","3,144","7.1%","-4.2%","3,793","-11.9%","-5.2%","22,374","-4.8%","2.1%",116,3,12,"97.3%","0.0%","-0.4%"
"389","New York, NY","September 2019","$710K","-2.7%","0.0%","2,663","-15.3%","-1.7%","5,893","55.4%","16.6%","23,923","6.9%","6.7%",113,-3,2,"97.1%","-0.1%","-0.2%"
"390","New York, NY","October 2019","$700K","-1.4%","1.0%","2,910","9.3%","-5.3%","4,818","-18.2%","-8.2%","24,120","0.8%","4.5%",114,1,5,"97.0%","-0.1%","-0.4%"
"391","New York, NY","November 2019","$710K","1.4%","1.4%","2,439","-16.2%","-7.2%","3,290","-31.7%","-8.3%","23,597","-2.2%","5.0%",117,3,6,"97.0%","0.0%","-0.3%"
"392","New York, NY","December 2019","$710K","0.1%","0.8%","2,755","13.0%","4.4%","2,292","-30.3%","1.9%","21,901","-7.2%","5.3%",113,-4,5,"97.0%","0.0%","-0.2%"
"393","New York, NY","January 2020","$725K","2.1%","5.8%","2,729","-0.9%","6.0%","4,544","98.3%","-4.3%","22,165","1.2%","5.3%",123,10,9,"97.2%","0.2%","-0.1%"
"394","New York, NY","February 2020","$725K","0.0%","3.6%","2,479","-9.2%","12.7%","4,397","-3.2%","3.9%","22,739","2.6%","5.9%",134,11,2,"97.2%","0.0%","0.1%"
"395","New York, NY","March 2020","$725K","0.0%","2.8%","2,130","-14.1%","-16.4%","3,299","-25.0%","-38.0%","22,171","-2.5%","-1.1%",135,1,-4,"97.1%","-0.1%","0.1%"
"396","New York, NY","April 2020","$730K","0.7%","0.0%","1,276","-40.1%","-51.5%","866","-73.7%","-85.3%","19,963","-10.0%","-16.0%",148,13,5,"97.5%","0.4%","0.6%"
"397","New York, NY","May 2020","$719K","-1.5%","-2.2%","1,489","16.7%","-48.6%","2,219","156.2%","-61.1%","19,715","-1.2%","-20.0%",136,-12,6,"97.7%","0.2%","0.4%"
"398","New York, NY","June 2020","$700K","-2.6%","-11.6%","1,907","28.1%","-39.4%","5,107","130.1%","7.5%","21,886","11.0%","-10.1%",141,5,22,"97.2%","-0.5%","-0.1%"
"399","New York, NY","July 2020","$700K","0.0%","-3.4%","1,774","-7.0%","-39.6%","6,867","34.5%","59.5%","24,687","12.8%","5.0%",149,8,36,"96.9%","-0.3%","-0.4%"
"400","New York, NY","August 2020","$685K","-2.1%","-6.2%","1,544","-13.0%","-50.9%","5,785","-15.8%","52.5%","25,887","4.9%","15.7%",127,-22,11,"96.9%","0.0%","-0.3%"
"401","New York, NY","September 2020","$700K","2.2%","-1.4%","1,883","22.0%","-29.3%","6,279","8.5%","6.6%","26,808","3.6%","12.1%",115,-12,2,"96.9%","0.0%","-0.2%"
"402","New York, NY","October 2020","$718K","2.6%","2.6%","2,630","39.7%","-9.6%","5,338","-15.0%","10.8%","27,055","0.9%","12.2%",99,-16,-15,"97.1%","0.2%","0.1%"
"403","New York, NY","November 2020","$710K","-1.1%","0.0%","2,506","-4.7%","2.7%","3,763","-29.5%","14.4%","26,672","-1.4%","13.0%",102,3,-15,"97.0%","0.0%","0.0%"
"404","New York, NY","December 2020","$728K","2.5%","2.5%","3,349","33.6%","21.6%","2,626","-30.2%","14.6%","24,591","-7.8%","12.3%",101,-1,-12,"96.9%","-0.1%","-0.1%"
"405","New York, NY","January 2021","$725K","-0.4%","0.0%","2,923","-12.7%","7.1%","4,107","56.4%","-9.6%","19,489","-20.7%","-12.1%",112,11,-11,"97.1%","0.1%","-0.2%"
"406","New York, NY","February 2021","$720K","-0.7%","-0.7%","2,955","1.1%","19.2%","3,714","-9.6%","-15.5%","18,249","-6.4%","-19.7%",120,8,-14,"97.5%","0.4%","0.3%"
"407","New York, NY","March 2021","$763K","6.0%","5.2%","3,653","23.6%","71.5%","5,419","45.9%","64.3%","17,855","-2.2%","-19.5%",125,5,-10,"97.3%","-0.2%","0.2%"
"408","New York, NY","April 2021","$785K","2.9%","7.5%","3,486","-4.6%","173.2%","5,859","8.1%","576.6%","18,441","3.3%","-7.6%",122,-3,-26,"97.4%","0.1%","-0.1%"
"409","New York, NY","May 2021","$795K","1.3%","10.6%","3,551","1.9%","138.5%","5,207","-11.1%","134.7%","18,246","-1.1%","-7.5%",109,-13,-27,"97.5%","0.1%","-0.2%"
"410","New York, NY","June 2021","$820K","3.1%","17.1%","4,120","16.0%","116.0%","5,095","-2.2%","-0.2%","17,728","-2.8%","-19.0%",86,-23,-55,"97.9%","0.3%","0.7%"
"411","New York, NY","July 2021","$803K","-2.0%","14.8%","4,324","5.0%","143.7%","4,368","-14.3%","-36.4%","16,946","-4.4%","-31.4%",69,-17,-80,"98.4%","0.5%","1.4%"
"412","New York, NY","August 2021","$795K","-1.0%","16.1%","4,584","6.0%","196.9%","4,089","-6.4%","-29.3%","16,386","-3.3%","-36.7%",67,-2,-60,"98.3%","0.0%","1.4%"
"413","New York, NY","September 2021","$800K","0.6%","14.3%","3,853","-15.9%","104.6%","4,856","18.8%","-22.7%","15,993","-2.4%","-40.3%",63,-4,-52,"98.2%","-0.1%","1.3%"
"414","New York, NY","October 2021","$793K","-0.9%","10.4%","4,200","9.0%","59.7%","4,535","-6.6%","-15.0%","15,853","-0.9%","-41.4%",65,2,-34,"98.4%","0.2%","1.3%"
"415","New York, NY","November 2021","$799K","0.8%","12.5%","3,531","-15.9%","40.9%","3,360","-25.9%","-10.7%","14,770","-6.8%","-44.6%",63,-2,-39,"98.2%","-0.2%","1.2%"
"416","New York, NY","December 2021","$799K","0.0%","9.8%","4,043","14.5%","20.7%","2,433","-27.6%","-7.3%","12,924","-12.5%","-47.4%",68,5,-33,"98.3%","0.1%","1.4%"
"417","New York, NY","January 2022","$830K","3.9%","14.5%","3,772","-6.7%","29.0%","3,789","55.7%","-7.7%","12,330","-4.6%","-36.7%",68,0,-44,"98.3%","0.0%","1.2%"
"418","New York, NY","February 2022","$805K","-3.0%","11.8%","3,403","-9.8%","15.2%","3,907","3.1%","5.2%","12,939","4.9%","-29.1%",72,4,-48,"98.3%","0.0%","0.8%"
"419","New York, NY","March 2022","$825K","2.5%","8.1%","3,896","14.5%","6.7%","5,472","40.1%","1.0%","14,141","9.3%","-20.8%",78,6,-47,"98.3%","0.0%","1.0%"
"420","New York, NY","April 2022","$823K","-0.3%","4.8%","3,537","-9.2%","1.5%","4,934","-9.8%","-15.8%","15,149","7.1%","-17.9%",83,5,-39,"98.5%","0.2%","1.1%"
"421","New York, NY","May 2022","$840K","2.1%","5.7%","3,762","6.4%","5.9%","5,050","2.4%","-3.0%","16,219","7.1%","-11.1%",64,-19,-45,"98.7%","0.2%","1.2%"
"422","New York, NY","June 2022","$820K","-2.4%","0.0%","4,364","16.0%","5.9%","4,878","-3.4%","-4.3%","16,904","4.2%","-4.6%",52,-12,-34,"98.9%","0.2%","1.0%"
"423","New York, NY","July 2022","$830K","1.2%","3.3%","3,814","-12.6%","-11.8%","3,913","-19.8%","-10.4%","17,094","1.1%","0.9%",49,-3,-20,"98.7%","-0.2%","0.3%"
"424","New York, NY","August 2022","$825K","-0.6%","3.8%","3,857","1.1%","-15.9%","3,478","-11.1%","-14.9%","16,576","-3.0%","1.2%",50,1,-17,"98.6%","0.0%","0.3%"
"425","New York, NY","September 2022","$800K","-3.0%","0.0%","3,331","-13.6%","-13.5%","4,527","30.2%","-6.8%","17,384","4.9%","8.7%",56,6,-7,"98.3%","-0.3%","0.1%"
"426","New York, NY","October 2022","$800K","0.0%","0.9%","2,950","-11.4%","-29.8%","3,917","-13.5%","-13.6%","17,745","2.1%","11.9%",65,9,0,"97.8%","-0.4%","-0.6%"
"427","New York, NY","November 2022","$810K","1.2%","1.3%","2,675","-9.3%","-24.2%","3,041","-22.4%","-9.5%","16,956","-4.4%","14.8%",72,7,9,"97.9%","0.0%","-0.4%"
"428","New York, NY","December 2022","$795K","-1.8%","-0.5%","2,608","-2.5%","-35.5%","1,801","-40.8%","-26.0%","14,955","-11.8%","15.7%",74,2,6,"97.7%","-0.2%","-0.6%"
"429","New York, NY","January 2023","$795K","0.0%","-4.2%","2,359","-9.5%","-37.5%","3,541","96.6%","-6.5%","14,938","-0.1%","21.2%",76,2,8,"97.6%","-0.1%","-0.7%"
"430","New York, NY","February 2023","$761K","-4.3%","-5.5%","1,968","-16.6%","-42.2%","3,688","4.2%","-5.6%","14,784","-1.0%","14.3%",81,5,9,"97.5%","-0.1%","-0.8%"
"431","New York, NY","March 2023","$790K","3.8%","-4.2%","2,510","27.5%","-35.6%","4,933","33.8%","-9.9%","15,144","2.4%","7.1%",92,11,14,"97.5%","0.0%","-0.8%"
"432","New York, NY","April 2023","$800K","1.3%","-2.7%","2,322","-7.5%","-34.4%","4,460","-9.6%","-9.6%","15,806","4.4%","4.3%",97,5,14,"97.8%","0.3%","-0.8%"
"433","New York, NY","May 2023","$820K","2.5%","-2.4%","2,870","23.6%","-23.7%","4,854","8.8%","-3.9%","16,499","4.4%","1.7%",83,-14,19,"97.9%","0.2%","-0.8%"
"434","New York, NY","June 2023","$800K","-2.4%","-2.4%","3,117","8.6%","-28.6%","4,106","-15.4%","-15.8%","16,048","-2.7%","-5.1%",67,-16,15,"98.0%","0.0%","-0.9%"
"435","New York, NY","July 2023","$805K","0.6%","-3.0%","2,782","-10.7%","-27.1%","3,564","-13.2%","-8.9%","16,246","1.2%","-5.0%",59,-8,10,"98.1%","0.2%","-0.5%"
"436","New York, NY","August 2023","$820K","1.9%","-0.6%","3,302","18.7%","-14.4%","3,417","-4.1%","-1.8%","16,490","1.5%","-0.5%",59,0,9,"98.2%","0.1%","-0.5%"
"437","New York, NY","September 2023","$790K","-3.7%","-1.3%","2,710","-17.9%","-18.6%","4,574","33.9%","1.0%","17,760","7.7%","2.2%",64,5,8,"98.0%","-0.2%","-0.3%"
"438","New York, NY","October 2023","$779K","-1.5%","-2.7%","2,805","3.5%","-4.9%","4,147","-9.3%","5.9%","16,392","-7.7%","-7.6%",107,43,42,"97.9%","-0.1%","0.1%"
"439","New York, NY","November 2023","$800K","2.7%","-1.2%","2,366","-15.7%","-11.6%","3,110","-25.0%","2.3%","14,805","-9.7%","-12.7%",101,-6,29,"97.7%","-0.3%","-0.2%"
"440","New York, NY","December 2023","$805K","0.7%","1.3%","2,393","1.1%","-8.2%","1,949","-37.3%","8.2%","13,168","-11.1%","-11.9%",85,-16,11,"97.7%","0.1%","0.0%"
"441","New York, NY","January 2024","$800K","-0.6%","0.6%","2,354","-1.6%","-0.2%","3,773","93.6%","6.6%","13,348","1.4%","-10.6%",79,-6,3,"97.5%","-0.2%","-0.1%"
"442","New York, NY","February 2024","$785K","-1.9%","3.2%","2,103","-10.7%","6.9%","4,146","9.9%","12.4%","13,748","3.0%","-7.0%",78,-1,-3,"97.6%","0.1%","0.1%"
"443","New York, NY","March 2024","$800K","1.9%","1.3%","2,190","4.1%","-12.7%","4,733","14.2%","-4.1%","14,322","4.2%","-5.4%",86,8,-6,"97.6%","0.0%","0.2%"
"444","New York, NY","April 2024","$838K","4.7%","4.7%","2,423","10.6%","4.3%","5,181","9.5%","16.2%","15,382","7.4%","-2.7%",88,2,-9,"97.7%","0.1%","0.0%"
"445","New York, NY","May 2024","$810K","-3.3%","-1.2%","2,825","16.6%","-1.6%","5,088","-1.8%","4.8%","14,717","-4.3%","-10.8%",69,-19,-14,"97.9%","0.1%","-0.1%"
"446","New York, NY","June 2024","$850K","4.9%","6.3%","2,711","-4.0%","-13.0%","4,075","-19.9%","-0.8%","15,205","3.3%","-5.3%",59,-10,-8,"98.0%","0.2%","0.1%"
"447","New York, NY","July 2024","$860K","1.2%","6.8%","2,922","7.8%","5.0%","3,873","-5.0%","8.7%","14,506","-4.6%","-10.7%",56,-3,-3,"98.2%","0.2%","0.1%"
"448","New York, NY","August 2024","$815K","-5.2%","-0.6%","2,895","-0.9%","-12.3%","3,383","-12.7%","-1.0%","13,964","-3.7%","-15.3%",56,0,-3,"98.2%","0.0%","0.1%"
"449","New York, NY","September 2024","$810K","-0.6%","2.5%","2,711","-6.4%","0.0%","5,139","51.9%","12.4%","15,347","9.9%","-13.6%",61,5,-3,"97.8%","-0.4%","-0.2%"
"450","New York, NY","October 2024","$805K","-0.6%","3.4%","2,850","5.1%","1.6%","4,345","-15.5%","4.8%","15,304","-0.3%","-6.6%",62,1,-45,"98.1%","0.3%","0.2%"
"451","New York, NY","November 2024","$806K","0.2%","0.8%","2,435","-14.6%","2.9%","3,207","-26.2%","3.1%","14,611","-4.5%","-1.3%",64,2,-37,"98.0%","-0.2%","0.3%"
"452","New York, NY","December 2024","$849K","5.3%","5.5%","2,678","10.0%","11.9%","2,372","-26.0%","21.7%","13,299","-9.0%","1.0%",61,-3,-24,"98.1%","0.2%","0.4%"
"453","New York, NY","January 2025","$853K","0.5%","6.6%","2,716","1.4%","15.4%","4,058","71.1%","7.6%","13,724","3.2%","2.8%",62,1,-17,"98.1%","0.0%","0.6%"
"454","New York, NY","February 2025","$858K","0.6%","9.3%","2,240","-17.5%","6.5%","4,104","1.1%","-1.0%","14,497","5.6%","5.4%",68,6,-10,"98.0%","-0.1%","0.4%"
"455","New York, NY","March 2025","$825K","-3.8%","3.1%","2,452","9.5%","12.0%","5,523","34.6%","16.7%","16,022","10.5%","11.9%",74,6,-12,"97.8%","-0.2%","0.2%"
"456","New York, NY","April 2025","$850K","3.0%","1.5%","2,453","0.0%","1.2%","5,168","-6.4%","-0.3%","17,013","6.2%","10.6%",68,-6,-20,"98.1%","0.3%","0.3%"
"457","New York, NY","May 2025","$885K","4.1%","9.3%","2,645","7.8%","-6.4%","4,882","-5.5%","-4.0%","17,589","3.4%","19.5%",61,-7,-8,"98.0%","0.0%","0.2%"
"458","New York, NY","June 2025","$889K","0.5%","4.6%","2,797","5.7%","3.2%","4,116","-15.7%","1.0%","17,241","-2.0%","13.4%",52,-9,-7,"98.5%","0.5%","0.5%"
"459","New York, NY","July 2025","$900K","1.2%","4.7%","3,023","8.1%","3.5%","3,943","-4.2%","1.8%","16,831","-2.4%","16.0%",54,2,-2,"98.1%","-0.4%","-0.1%"
"460","New York, NY","August 2025","$883K","-1.9%","8.3%","2,785","-7.9%","-3.8%","3,206","-18.7%","-5.2%","15,848","-5.8%","13.5%",56,2,0,"98.4%","0.2%","0.1%"
"461","New York, NY","September 2025","$875K","-0.9%","8.0%","2,707","-2.8%","-0.1%","5,209","62.5%","1.4%","16,856","6.4%","9.8%",64,8,3,"98.3%","0.0%","0.5%"
"462","New York, NY","October 2025","$850K","-2.9%","5.6%","2,784","2.8%","-2.3%","4,204","-19.3%","-3.2%","16,400","-2.7%","7.2%",66,2,4,"98.1%","-0.2%","0.0%"
"463","New York, NY","November 2025","$860K","1.2%","6.6%","2,160","-22.4%","-11.3%","2,937","-30.1%","-8.4%","15,250","-7.0%","4.4%",72,6,8,"98.1%","0.0%","0.2%"
"464","New York, NY","December 2025","$875K","1.7%","3.1%","2,681","24.1%","0.1%","2,078","-29.2%","-12.4%","12,780","-16.2%","-3.9%",63,-9,2,"98.0%","-0.1%","-0.1%"
"465","New York, NY metro area","May 2015","$465K","","","5,001","","","10,668","","","46,734","","",128,NA,NA,"97.0%","",""
"466","New York, NY metro area","June 2015","$475K","2.2%","","6,401","28.0%","","9,777","-8.4%","","47,003","0.6%","",119,-9,NA,"97.2%","0.2%",""
"467","New York, NY metro area","July 2015","$490K","3.2%","","6,964","8.8%","","8,214","-16.0%","","45,327","-3.6%","",112,-7,NA,"97.2%","0.1%",""
"468","New York, NY metro area","August 2015","$496K","1.2%","","6,560","-5.8%","","7,043","-14.3%","","43,144","-4.8%","",113,1,NA,"97.2%","0.0%",""
"469","New York, NY metro area","September 2015","$465K","-6.2%","","6,036","-8.0%","","8,717","23.8%","","43,241","0.2%","",117,4,NA,"97.3%","0.1%",""
"470","New York, NY metro area","October 2015","$445K","-4.3%","","5,989","-0.8%","","7,907","-9.3%","","42,405","-1.9%","",122,5,NA,"97.2%","-0.1%",""
"471","New York, NY metro area","November 2015","$450K","1.1%","","4,998","-16.5%","","5,796","-26.7%","","40,747","-3.9%","",120,-2,NA,"97.0%","-0.2%",""
"472","New York, NY metro area","December 2015","$461K","2.5%","","6,058","21.2%","","3,981","-31.3%","","37,049","-9.1%","",126,6,NA,"96.9%","-0.1%",""
"473","New York, NY metro area","January 2016","$465K","0.8%","","4,708","-22.3%","","6,761","69.8%","","37,295","0.7%","",126,0,NA,"97.0%","0.1%",""
"474","New York, NY metro area","February 2016","$458K","-1.6%","","4,735","0.6%","","7,848","16.1%","","38,608","3.5%","",140,14,NA,"96.9%","-0.1%",""
"475","New York, NY metro area","March 2016","$470K","2.7%","","5,051","6.7%","","10,573","34.7%","","41,622","7.8%","",147,7,NA,"96.7%","-0.2%",""
"476","New York, NY metro area","April 2016","$475K","1.1%","","4,888","-3.2%","","10,309","-2.5%","","44,172","6.1%","",143,-4,NA,"96.9%","0.2%",""
"477","New York, NY metro area","May 2016","$487K","2.6%","4.8%","5,587","14.3%","11.7%","9,657","-6.3%","-9.5%","45,542","3.1%","-2.6%",120,-23,-8,"97.2%","0.3%","0.2%"
"478","New York, NY metro area","June 2016","$500K","2.6%","5.3%","6,812","21.9%","6.4%","8,973","-7.1%","-8.2%","45,088","-1.0%","-4.1%",116,-4,-3,"97.4%","0.2%","0.2%"
"479","New York, NY metro area","July 2016","$520K","4.0%","6.1%","6,317","-7.3%","-9.3%","7,383","-17.7%","-10.1%","44,005","-2.4%","-2.9%",116,0,4,"97.7%","0.3%","0.5%"
"480","New York, NY metro area","August 2016","$505K","-2.9%","1.9%","7,361","16.5%","12.2%","6,932","-6.1%","-1.6%","41,611","-5.4%","-3.6%",118,2,5,"97.5%","-0.2%","0.3%"
"481","New York, NY metro area","September 2016","$485K","-4.0%","4.3%","6,351","-13.7%","5.2%","8,460","22.0%","-2.9%","41,349","-0.6%","-4.4%",121,3,4,"97.5%","0.0%","0.2%"
"482","New York, NY metro area","October 2016","$480K","-1.0%","7.9%","5,656","-10.9%","-5.6%","6,816","-19.4%","-13.8%","39,900","-3.5%","-5.9%",127,6,5,"97.3%","-0.2%","0.1%"
"483","New York, NY metro area","November 2016","$480K","-0.1%","6.6%","5,566","-1.6%","11.4%","5,720","-16.1%","-1.3%","37,909","-5.0%","-7.0%",127,0,7,"97.2%","0.0%","0.2%"
"484","New York, NY metro area","December 2016","$480K","0.1%","4.0%","6,150","10.5%","1.5%","3,940","-31.1%","-1.0%","33,878","-10.6%","-8.6%",128,1,2,"97.1%","-0.1%","0.2%"
"485","New York, NY metro area","January 2017","$515K","7.3%","10.8%","5,399","-12.2%","14.7%","6,826","73.2%","1.0%","33,282","-1.8%","-10.8%",133,5,7,"97.4%","0.3%","0.4%"
"486","New York, NY metro area","February 2017","$500K","-2.9%","9.2%","4,605","-14.7%","-2.7%","7,296","6.9%","-7.0%","33,544","0.8%","-13.1%",138,5,-2,"97.2%","-0.2%","0.3%"
"487","New York, NY metro area","March 2017","$505K","1.0%","7.4%","5,596","21.5%","10.8%","9,801","34.3%","-7.3%","34,635","3.3%","-16.8%",140,2,-7,"97.5%","0.3%","0.8%"
"488","New York, NY metro area","April 2017","$510K","1.0%","7.4%","4,827","-13.7%","-1.2%","9,327","-4.8%","-9.5%","36,557","5.5%","-17.2%",115,-25,-28,"97.5%","0.0%","0.6%"
"489","New York, NY metro area","May 2017","$515K","1.0%","5.6%","6,014","24.6%","7.6%","10,392","11.4%","7.6%","38,156","4.4%","-16.2%",100,-15,-20,"97.9%","0.4%","0.7%"
"490","New York, NY metro area","June 2017","$575K","11.7%","15.0%","7,708","28.2%","13.2%","11,948","15.0%","33.2%","38,847","1.8%","-13.8%",97,-3,-19,"98.0%","0.1%","0.6%"
"491","New York, NY metro area","July 2017","$549K","-4.5%","5.6%","6,383","-17.2%","1.0%","7,970","-33.3%","8.0%","38,198","-1.7%","-13.2%",89,-8,-27,"98.2%","0.2%","0.6%"
"492","New York, NY metro area","August 2017","$545K","-0.7%","7.9%","7,651","19.9%","3.9%","7,404","-7.1%","6.8%","36,269","-5.1%","-12.8%",91,2,-27,"98.2%","0.0%","0.8%"
"493","New York, NY metro area","September 2017","$520K","-4.6%","7.2%","6,062","-20.8%","-4.6%","8,495","14.7%","0.4%","36,571","0.8%","-11.6%",95,4,-26,"98.2%","0.0%","0.7%"
"494","New York, NY metro area","October 2017","$517K","-0.6%","7.7%","6,192","2.1%","9.5%","7,944","-6.5%","16.5%","36,182","-1.1%","-9.3%",94,-1,-33,"97.8%","-0.4%","0.5%"
"495","New York, NY metro area","November 2017","$525K","1.5%","9.5%","5,570","-10.0%","0.1%","5,890","-25.9%","3.0%","34,261","-5.3%","-9.6%",99,5,-28,"97.9%","0.1%","0.7%"
"496","New York, NY metro area","December 2017","$524K","-0.2%","9.2%","6,014","8.0%","-2.2%","3,809","-35.3%","-3.3%","30,682","-10.4%","-9.4%",99,0,-29,"97.7%","-0.2%","0.6%"
"497","New York, NY metro area","January 2018","$535K","2.1%","3.9%","5,052","-16.0%","-6.4%","7,166","88.1%","5.0%","31,080","1.3%","-6.6%",105,6,-28,"97.6%","-0.1%","0.2%"
"498","New York, NY metro area","February 2018","$521K","-2.6%","4.2%","4,265","-15.6%","-7.4%","8,056","12.4%","10.4%","32,913","5.9%","-1.9%",111,6,-27,"97.5%","-0.1%","0.2%"
"499","New York, NY metro area","March 2018","$555K","6.5%","9.9%","5,318","24.7%","-5.0%","9,168","13.8%","-6.5%","34,711","5.5%","0.2%",121,10,-19,"97.7%","0.2%","0.2%"
"500","New York, NY metro area","April 2018","$540K","-2.7%","5.9%","5,309","-0.2%","10.0%","11,125","21.3%","19.3%","37,759","8.8%","3.3%",108,-13,-7,"97.7%","0.0%","0.2%"
"501","New York, NY metro area","May 2018","$550K","1.9%","6.8%","5,839","10.0%","-2.9%","11,272","1.3%","8.5%","40,546","7.4%","6.3%",98,-10,-2,"97.9%","0.2%","-0.1%"
"502","New York, NY metro area","June 2018","$570K","3.6%","-0.9%","6,883","17.9%","-10.7%","9,766","-13.4%","-18.3%","39,934","-1.5%","2.8%",91,-7,-6,"98.1%","0.3%","0.1%"
"503","New York, NY metro area","July 2018","$560K","-1.8%","2.0%","6,851","-0.5%","7.3%","8,347","-14.5%","4.7%","39,491","-1.1%","3.4%",88,-3,-1,"97.9%","-0.3%","-0.4%"
"504","New York, NY metro area","August 2018","$555K","-0.9%","1.8%","7,067","3.2%","-7.6%","7,453","-10.7%","0.7%","37,920","-4.0%","4.6%",89,1,-2,"98.0%","0.1%","-0.2%"
"505","New York, NY metro area","September 2018","$550K","-0.9%","5.8%","5,486","-22.4%","-9.5%","8,912","19.6%","4.9%","38,540","1.6%","5.4%",95,6,0,"97.8%","-0.2%","-0.4%"
"506","New York, NY metro area","October 2018","$530K","-3.6%","2.5%","6,111","11.4%","-1.3%","8,898","-0.2%","12.0%","38,615","0.2%","6.7%",97,2,3,"97.7%","-0.1%","-0.1%"
"507","New York, NY metro area","November 2018","$545K","2.8%","3.8%","5,313","-13.1%","-4.6%","6,256","-29.7%","6.2%","36,816","-4.7%","7.5%",99,2,0,"97.4%","-0.3%","-0.5%"
"508","New York, NY metro area","December 2018","$540K","-0.9%","3.1%","5,433","2.3%","-9.7%","3,932","-37.1%","3.2%","33,116","-10.0%","7.9%",101,2,2,"97.3%","-0.1%","-0.3%"
"509","New York, NY metro area","January 2019","$529K","-2.0%","-1.1%","4,936","-9.1%","-2.3%","8,104","106.1%","13.1%","33,582","1.4%","8.1%",104,3,-1,"97.3%","0.0%","-0.3%"
"510","New York, NY metro area","February 2019","$530K","0.2%","1.7%","4,139","-16.1%","-3.0%","7,931","-2.1%","-1.6%","34,846","3.8%","5.9%",120,16,9,"97.2%","-0.1%","-0.2%"
"511","New York, NY metro area","March 2019","$525K","-0.9%","-5.4%","4,911","18.7%","-7.7%","10,061","26.9%","9.7%","36,962","6.1%","6.5%",121,1,0,"97.1%","-0.2%","-0.6%"
"512","New York, NY metro area","April 2019","$550K","4.8%","1.9%","5,137","4.6%","-3.2%","11,393","13.2%","2.4%","40,058","8.4%","6.1%",111,-10,3,"97.3%","0.2%","-0.4%"
"513","New York, NY metro area","May 2019","$555K","0.9%","0.9%","5,906","15.0%","1.1%","11,157","-2.1%","-1.0%","42,091","5.1%","3.8%",104,-7,6,"97.6%","0.4%","-0.2%"
"514","New York, NY metro area","June 2019","$590K","6.3%","3.5%","6,414","8.6%","-6.8%","9,129","-18.2%","-6.5%","41,823","-0.6%","4.7%",95,-9,4,"97.6%","0.0%","-0.5%"
"515","New York, NY metro area","July 2019","$558K","-5.4%","-0.3%","6,619","3.2%","-3.4%","8,165","-10.6%","-2.2%","40,231","-3.8%","1.9%",89,-6,1,"97.8%","0.2%","-0.1%"
"516","New York, NY metro area","August 2019","$572K","2.5%","3.1%","6,793","2.6%","-3.9%","7,034","-13.9%","-5.6%","37,880","-5.8%","-0.1%",93,4,4,"97.7%","-0.1%","-0.3%"
"517","New York, NY metro area","September 2019","$550K","-3.8%","0.0%","5,553","-18.3%","1.2%","9,906","40.8%","11.2%","39,591","4.5%","2.7%",96,3,1,"97.4%","-0.3%","-0.4%"
"518","New York, NY metro area","October 2019","$550K","0.0%","3.8%","5,860","5.5%","-4.1%","8,222","-17.0%","-7.6%","39,054","-1.4%","1.1%",99,3,2,"97.3%","-0.1%","-0.4%"
"519","New York, NY metro area","November 2019","$551K","0.2%","1.1%","5,025","-14.2%","-5.4%","5,654","-31.2%","-9.6%","37,103","-5.0%","0.8%",100,1,1,"97.3%","0.1%","-0.1%"
"520","New York, NY metro area","December 2019","$540K","-2.0%","0.0%","5,710","13.6%","5.1%","3,852","-31.9%","-2.0%","33,273","-10.3%","0.5%",101,1,0,"97.3%","-0.1%","0.0%"
"521","New York, NY metro area","January 2020","$562K","4.0%","6.2%","5,194","-9.0%","5.2%","7,827","103.2%","-3.4%","33,735","1.4%","0.5%",112,11,8,"97.4%","0.1%","0.1%"
"522","New York, NY metro area","February 2020","$572K","1.8%","7.9%","4,565","-12.1%","10.3%","8,209","4.9%","3.5%","35,093","4.0%","0.7%",118,6,-2,"97.2%","-0.2%","0.0%"
"523","New York, NY metro area","March 2020","$575K","0.5%","9.5%","4,268","-6.5%","-13.1%","6,800","-17.2%","-32.4%","34,473","-1.8%","-6.7%",116,-2,-5,"97.3%","0.1%","0.2%"
"524","New York, NY metro area","April 2020","$575K","0.0%","4.5%","3,065","-28.2%","-40.3%","2,316","-65.9%","-79.7%","31,315","-9.2%","-21.8%",102,-14,-9,"97.8%","0.5%","0.5%"
"525","New York, NY metro area","May 2020","$562K","-2.2%","1.3%","3,481","13.6%","-41.1%","5,598","141.7%","-49.8%","31,788","1.5%","-24.5%",103,1,-1,"97.9%","0.0%","0.2%"
"526","New York, NY metro area","June 2020","$565K","0.5%","-4.2%","4,119","18.3%","-35.8%","10,712","91.4%","17.3%","35,853","12.8%","-14.3%",109,6,14,"97.4%","-0.5%","-0.2%"
"527","New York, NY metro area","July 2020","$570K","0.9%","2.1%","4,594","11.5%","-30.6%","12,483","16.5%","52.9%","39,668","10.6%","-1.4%",100,-9,11,"97.9%","0.5%","0.1%"
"528","New York, NY metro area","August 2020","$570K","0.0%","-0.3%","5,196","13.1%","-23.5%","10,765","-13.8%","53.0%","41,126","3.7%","8.6%",84,-16,-9,"98.3%","0.5%","0.7%"
"529","New York, NY metro area","September 2020","$575K","0.9%","4.5%","5,527","6.4%","-0.5%","11,387","5.8%","15.0%","42,393","3.1%","7.1%",84,0,-12,"98.5%","0.1%","1.1%"
"530","New York, NY metro area","October 2020","$580K","0.9%","5.5%","6,622","19.8%","13.0%","10,032","-11.9%","22.0%","42,432","0.1%","8.6%",80,-4,-19,"98.5%","0.0%","1.2%"
"531","New York, NY metro area","November 2020","$585K","0.9%","6.2%","5,930","-10.5%","18.0%","6,830","-31.9%","20.8%","40,822","-3.8%","10.0%",80,0,-20,"98.4%","-0.1%","1.0%"
"532","New York, NY metro area","December 2020","$590K","0.9%","9.2%","7,599","28.1%","33.1%","4,704","-31.1%","22.1%","36,126","-11.5%","8.6%",84,4,-17,"98.3%","-0.1%","1.0%"
"533","New York, NY metro area","January 2021","$599K","1.5%","6.6%","5,994","-21.1%","15.4%","7,185","52.7%","-8.2%","30,462","-15.7%","-9.7%",92,8,-20,"98.2%","-0.1%","0.8%"
"534","New York, NY metro area","February 2021","$600K","0.2%","4.9%","5,622","-6.2%","23.2%","6,661","-7.3%","-18.9%","28,942","-5.0%","-17.5%",103,11,-15,"98.2%","0.0%","1.0%"
"535","New York, NY metro area","March 2021","$625K","4.2%","8.7%","6,804","21.0%","59.4%","10,303","54.7%","51.5%","29,314","1.3%","-15.0%",108,5,-8,"98.2%","-0.1%","0.9%"
"536","New York, NY metro area","April 2021","$650K","4.0%","13.0%","6,565","-3.5%","114.2%","11,132","8.0%","380.7%","31,148","6.3%","-0.5%",98,-10,-4,"98.5%","0.3%","0.6%"
"537","New York, NY metro area","May 2021","$649K","-0.2%","15.4%","6,697","2.0%","92.4%","10,137","-8.9%","81.1%","31,674","1.7%","-0.4%",83,-15,-20,"98.9%","0.5%","1.1%"
"538","New York, NY metro area","June 2021","$675K","4.0%","19.5%","8,102","21.0%","96.7%","10,381","2.4%","-3.1%","31,650","-0.1%","-11.7%",72,-11,-37,"99.5%","0.6%","2.1%"
"539","New York, NY metro area","July 2021","$675K","0.0%","18.4%","8,424","4.0%","83.4%","8,861","-14.6%","-29.0%","30,576","-3.4%","-22.9%",68,-4,-32,"99.8%","0.3%","1.9%"
"540","New York, NY metro area","August 2021","$675K","0.0%","18.4%","8,849","5.0%","70.3%","7,845","-11.5%","-27.1%","29,132","-4.7%","-29.2%",64,-4,-20,"99.7%","-0.1%","1.4%"
"541","New York, NY metro area","September 2021","$660K","-2.2%","14.8%","7,236","-18.2%","30.9%","8,421","7.3%","-26.0%","28,251","-3.0%","-33.4%",66,2,-18,"99.3%","-0.4%","0.9%"
"542","New York, NY metro area","October 2021","$655K","-0.8%","12.9%","7,545","4.3%","13.9%","7,961","-5.5%","-20.6%","27,395","-3.0%","-35.4%",70,4,-10,"99.3%","0.0%","0.8%"
"543","New York, NY metro area","November 2021","$653K","-0.3%","11.7%","6,648","-11.9%","12.1%","5,942","-25.4%","-13.0%","25,056","-8.5%","-38.6%",70,0,-10,"99.0%","-0.3%","0.7%"
"544","New York, NY metro area","December 2021","$650K","-0.5%","10.2%","7,588","14.1%","-0.1%","4,121","-30.6%","-12.4%","21,205","-15.4%","-41.3%",72,2,-12,"99.2%","0.1%","0.8%"
"545","New York, NY metro area","January 2022","$672K","3.4%","12.2%","6,484","-14.5%","8.2%","6,414","55.6%","-10.7%","20,196","-4.8%","-33.7%",74,2,-18,"99.0%","-0.1%","0.8%"
"546","New York, NY metro area","February 2022","$675K","0.4%","12.5%","5,612","-13.4%","-0.2%","7,004","9.2%","5.1%","21,176","4.9%","-26.8%",77,3,-26,"98.9%","-0.1%","0.6%"
"547","New York, NY metro area","March 2022","$685K","1.5%","9.6%","6,691","19.2%","-1.7%","9,940","41.9%","-3.5%","23,268","9.9%","-20.6%",76,-1,-32,"99.3%","0.4%","1.1%"
"548","New York, NY metro area","April 2022","$690K","0.7%","6.2%","6,122","-8.5%","-6.7%","9,222","-7.2%","-17.2%","25,096","7.9%","-19.4%",71,-5,-27,"100.0%","0.6%","1.5%"
"549","New York, NY metro area","May 2022","$697K","1.0%","7.4%","6,710","9.6%","0.2%","9,509","3.1%","-6.2%","26,886","7.1%","-15.1%",62,-9,-21,"100.4%","0.4%","1.5%"
"550","New York, NY metro area","June 2022","$712K","2.2%","5.5%","7,856","17.1%","-3.0%","9,328","-1.9%","-10.1%","27,938","3.9%","-11.7%",56,-6,-16,"100.8%","0.4%","1.3%"
"551","New York, NY metro area","July 2022","$715K","0.4%","5.9%","7,117","-9.4%","-15.5%","7,404","-20.6%","-16.4%","27,857","-0.3%","-8.9%",55,-1,-13,"100.5%","-0.4%","0.7%"
"552","New York, NY metro area","August 2022","$709K","-0.8%","5.0%","7,359","3.4%","-16.8%","6,312","-14.7%","-19.5%","26,407","-5.2%","-9.4%",55,0,-9,"100.0%","-0.4%","0.3%"
"553","New York, NY metro area","September 2022","$685K","-3.4%","3.8%","6,230","-15.3%","-13.9%","7,513","19.0%","-10.8%","26,117","-1.1%","-7.6%",59,4,-7,"99.3%","-0.7%","0.0%"
"554","New York, NY metro area","October 2022","$670K","-2.2%","2.3%","5,412","-13.1%","-28.3%","6,308","-16.0%","-20.8%","26,088","-0.1%","-4.8%",63,4,-7,"98.8%","-0.5%","-0.6%"
"555","New York, NY metro area","November 2022","$675K","0.7%","3.3%","4,973","-8.1%","-25.2%","4,940","-21.7%","-16.9%","24,332","-6.7%","-2.9%",66,3,-4,"98.7%","0.0%","-0.3%"
"556","New York, NY metro area","December 2022","$650K","-3.7%","0.0%","4,879","-1.9%","-35.7%","2,955","-40.2%","-28.3%","21,007","-13.7%","-0.9%",66,0,-6,"98.4%","-0.3%","-0.7%"
"557","New York, NY metro area","January 2023","$665K","2.3%","-1.1%","4,124","-15.5%","-36.4%","5,466","85.0%","-14.8%","20,710","-1.4%","2.5%",70,4,-4,"98.2%","-0.2%","-0.8%"
"558","New York, NY metro area","February 2023","$650K","-2.3%","-3.7%","3,446","-16.4%","-38.6%","5,874","7.5%","-16.1%","20,662","-0.2%","-2.4%",76,6,-1,"98.1%","-0.1%","-0.8%"
"559","New York, NY metro area","March 2023","$668K","2.8%","-2.5%","4,382","27.2%","-34.5%","7,989","36.0%","-19.6%","21,348","3.3%","-8.3%",81,5,5,"98.4%","0.3%","-0.9%"
"560","New York, NY metro area","April 2023","$677K","1.3%","-1.9%","4,050","-7.6%","-33.8%","7,274","-8.9%","-21.1%","22,285","4.4%","-11.2%",78,-3,7,"98.9%","0.5%","-1.0%"
"561","New York, NY metro area","May 2023","$704K","4.1%","1.0%","5,019","23.9%","-25.2%","8,107","11.5%","-14.7%","23,222","4.2%","-13.6%",64,-14,2,"99.4%","0.5%","-0.9%"
"562","New York, NY metro area","June 2023","$715K","1.5%","0.4%","5,819","15.9%","-25.9%","7,133","-12.0%","-23.5%","22,761","-2.0%","-18.5%",54,-10,-2,"100.0%","0.6%","-0.8%"
"563","New York, NY metro area","July 2023","$725K","1.4%","1.4%","5,206","-10.5%","-26.9%","6,084","-14.7%","-17.8%","22,731","-0.1%","-18.4%",50,-4,-5,"100.4%","0.4%","0.0%"
"564","New York, NY metro area","August 2023","$730K","0.7%","3.0%","6,046","16.1%","-17.8%","5,817","-4.4%","-7.8%","22,563","-0.7%","-14.6%",50,0,-5,"100.2%","-0.3%","0.1%"
"565","New York, NY metro area","September 2023","$708K","-3.0%","3.4%","4,958","-18.0%","-20.4%","7,115","22.3%","-5.3%","23,881","5.8%","-8.6%",54,4,-5,"99.9%","-0.2%","0.6%"
"566","New York, NY metro area","October 2023","$680K","-4.0%","1.5%","4,901","-1.1%","-9.4%","6,596","-7.3%","4.6%","22,498","-5.8%","-13.8%",75,21,12,"99.4%","-0.5%","0.7%"
"567","New York, NY metro area","November 2023","$690K","1.5%","2.2%","4,236","-13.6%","-14.8%","5,003","-24.2%","1.3%","20,548","-8.7%","-15.6%",70,-5,4,"99.4%","-0.1%","0.7%"
"568","New York, NY metro area","December 2023","$710K","2.9%","9.2%","4,342","2.5%","-11.0%","3,093","-38.2%","4.7%","17,984","-12.5%","-14.4%",64,-6,-2,"99.3%","-0.1%","0.9%"
"569","New York, NY metro area","January 2024","$700K","-1.4%","5.3%","4,045","-6.8%","-1.9%","5,840","88.8%","6.8%","18,308","1.8%","-11.6%",64,0,-6,"99.1%","-0.2%","0.9%"
"570","New York, NY metro area","February 2024","$700K","0.0%","7.7%","3,573","-11.7%","3.7%","6,593","12.9%","12.2%","18,966","3.6%","-8.2%",69,5,-7,"98.7%","-0.4%","0.6%"
"571","New York, NY metro area","March 2024","$715K","2.1%","7.0%","3,777","5.7%","-13.8%","7,447","13.0%","-6.8%","19,787","4.3%","-7.3%",68,-1,-13,"99.2%","0.4%","0.7%"
"572","New York, NY metro area","April 2024","$730K","2.1%","7.9%","4,298","13.8%","6.1%","8,524","14.5%","17.2%","21,656","9.4%","-2.8%",64,-4,-14,"99.8%","0.6%","0.8%"
"573","New York, NY metro area","May 2024","$750K","2.7%","6.5%","5,024","16.9%","0.1%","8,482","-0.5%","4.6%","21,345","-1.4%","-8.1%",55,-9,-9,"100.2%","0.4%","0.7%"
"574","New York, NY metro area","June 2024","$765K","2.0%","7.0%","5,059","0.7%","-13.1%","7,135","-15.9%","0.0%","22,074","3.4%","-3.0%",49,-6,-5,"100.7%","0.5%","0.6%"
"575","New York, NY metro area","July 2024","$780K","2.0%","7.6%","5,532","9.3%","6.3%","6,777","-5.0%","11.4%","21,356","-3.3%","-6.0%",45,-4,-5,"100.7%","0.0%","0.2%"
"576","New York, NY metro area","August 2024","$750K","-3.8%","2.7%","5,482","-0.9%","-9.3%","5,831","-14.0%","0.2%","20,406","-4.4%","-9.6%",48,3,-2,"100.6%","-0.1%","0.4%"
"577","New York, NY metro area","September 2024","$747K","-0.4%","5.5%","4,849","-11.5%","-2.2%","8,018","37.5%","12.7%","22,110","8.4%","-7.4%",52,4,-2,"99.8%","-0.8%","-0.1%"
"578","New York, NY metro area","October 2024","$735K","-1.6%","8.1%","5,080","4.8%","3.7%","7,012","-12.5%","6.3%","21,940","-0.8%","-2.5%",54,2,-21,"99.8%","0.0%","0.3%"
"579","New York, NY metro area","November 2024","$739K","0.5%","7.1%","4,436","-12.7%","4.7%","5,049","-28.0%","0.9%","20,671","-5.8%","0.6%",55,1,-15,"99.5%","-0.3%","0.1%"
"580","New York, NY metro area","December 2024","$740K","0.1%","4.2%","5,057","14.0%","16.5%","3,593","-28.8%","16.2%","18,295","-11.5%","1.7%",54,-1,-10,"99.8%","0.3%","0.5%"
"581","New York, NY metro area","January 2025","$775K","4.7%","10.7%","4,613","-8.8%","14.0%","6,253","74.0%","7.1%","18,912","3.4%","3.3%",57,3,-7,"99.4%","-0.4%","0.3%"
"582","New York, NY metro area","February 2025","$765K","-1.3%","9.3%","3,696","-19.9%","3.4%","6,343","1.4%","-3.8%","19,988","5.7%","5.4%",65,8,-4,"99.1%","-0.3%","0.3%"
"583","New York, NY metro area","March 2025","$753K","-1.6%","5.3%","4,083","10.5%","8.1%","8,687","37.0%","16.7%","22,256","11.3%","12.5%",67,2,-1,"99.1%","0.0%","0.0%"
"584","New York, NY metro area","April 2025","$770K","2.3%","5.5%","4,276","4.7%","-0.5%","8,710","0.3%","2.2%","24,054","8.1%","11.1%",62,-5,-2,"99.8%","0.7%","0.1%"
"585","New York, NY metro area","May 2025","$795K","3.2%","6.0%","4,783","11.9%","-4.8%","8,462","-2.8%","-0.2%","25,194","4.7%","18.0%",54,-8,-1,"100.2%","0.3%","0.0%"
"586","New York, NY metro area","June 2025","$819K","3.0%","7.0%","5,230","9.3%","3.4%","7,380","-12.8%","3.4%","25,070","-0.5%","13.6%",49,-5,0,"100.7%","0.5%","0.0%"
"587","New York, NY metro area","July 2025","$810K","-1.1%","3.8%","5,708","9.1%","3.2%","7,030","-4.7%","3.7%","24,591","-1.9%","15.1%",50,1,5,"100.7%","-0.1%","0.0%"
"588","New York, NY metro area","August 2025","$800K","-1.2%","6.7%","5,493","-3.8%","0.2%","5,582","-20.6%","-4.3%","23,074","-6.2%","13.1%",52,2,4,"100.4%","-0.2%","-0.1%"
"589","New York, NY metro area","September 2025","$780K","-2.5%","4.4%","5,097","-7.2%","5.1%","8,235","47.5%","2.7%","24,304","5.3%","9.9%",58,6,6,"99.9%","-0.6%","0.1%"
"590","New York, NY metro area","October 2025","$763K","-2.2%","3.7%","5,012","-1.7%","-1.3%","6,866","-16.6%","-2.1%","23,547","-3.1%","7.3%",61,3,7,"99.5%","-0.3%","-0.2%"
"591","New York, NY metro area","November 2025","$770K","1.0%","4.2%","4,097","-18.3%","-7.6%","4,696","-31.6%","-7.0%","21,704","-7.8%","5.0%",63,2,8,"99.6%","0.1%","0.1%"
"592","New York, NY metro area","December 2025","$780K","1.3%","5.4%","5,017","22.5%","-0.8%","3,352","-28.6%","-6.7%","17,882","-17.6%","-2.3%",60,-3,6,"99.6%","0.0%","-0.2%"
"593","Westchester County, NY","May 2015","$500K","","","646","","","1,733","","","7,235","","",163,NA,NA,"97.2%","",""
"594","Westchester County, NY","June 2015","$535K","7.0%","","885","37.0%","","1,505","-13.2%","","7,542","4.2%","",125,-38,NA,"97.3%","0.1%",""
"595","Westchester County, NY","July 2015","$560K","4.7%","","1,165","31.6%","","1,069","-29.0%","","7,112","-5.7%","",121,-4,NA,"97.8%","0.5%",""
"596","Westchester County, NY","August 2015","$559K","-0.1%","","1,094","-6.1%","","849","-20.6%","","6,590","-7.3%","",120,-1,NA,"97.5%","-0.3%",""
"597","Westchester County, NY","September 2015","$475K","-15.1%","","857","-21.7%","","1,154","35.9%","","6,536","-0.8%","",134,14,NA,"97.4%","-0.2%",""
"598","Westchester County, NY","October 2015","$431K","-9.4%","","842","-1.8%","","901","-21.9%","","6,178","-5.5%","",152,18,NA,"96.6%","-0.7%",""
"599","Westchester County, NY","November 2015","$416K","-3.4%","","677","-19.6%","","653","-27.5%","","5,718","-7.4%","",150,-2,NA,"97.0%","0.3%",""
"600","Westchester County, NY","December 2015","$455K","9.4%","","825","21.9%","","415","-36.4%","","4,937","-13.7%","",161,11,NA,"96.7%","-0.3%",""
"601","Westchester County, NY","January 2016","$445K","-2.2%","","600","-27.3%","","902","117.3%","","4,960","0.5%","",166,5,NA,"97.1%","0.4%",""
"602","Westchester County, NY","February 2016","$400K","-10.1%","","599","-0.2%","","1,237","37.1%","","5,363","8.1%","",166,0,NA,"96.2%","-0.9%",""
"603","Westchester County, NY","March 2016","$420K","5.0%","","587","-2.0%","","1,514","22.4%","","6,044","12.7%","",181,15,NA,"96.2%","0.0%",""
"604","Westchester County, NY","April 2016","$440K","4.8%","","696","18.6%","","1,534","1.3%","","6,580","8.9%","",169,-12,NA,"96.5%","0.3%",""
"605","Westchester County, NY","May 2016","$450K","2.3%","-10.0%","762","9.5%","18.0%","1,403","-8.5%","-19.0%","6,901","4.9%","-4.6%",134,-35,-29,"97.3%","0.8%","0.2%"
"606","Westchester County, NY","June 2016","$545K","21.1%","1.9%","1,085","42.4%","22.6%","1,318","-6.1%","-12.4%","6,800","-1.5%","-9.8%",126,-8,1,"97.6%","0.3%","0.3%"
"607","Westchester County, NY","July 2016","$550K","0.9%","-1.8%","1,043","-3.9%","-10.5%","967","-26.6%","-9.5%","6,411","-5.7%","-9.9%",121,-5,0,"98.2%","0.6%","0.4%"
"608","Westchester County, NY","August 2016","$565K","2.8%","1.1%","1,207","15.7%","10.3%","793","-18.0%","-6.6%","5,734","-10.6%","-13.0%",129,8,9,"98.4%","0.2%","0.8%"
"609","Westchester County, NY","September 2016","$470K","-16.9%","-1.1%","893","-26.0%","4.2%","1,061","33.8%","-8.1%","5,566","-2.9%","-14.8%",133,4,-1,"97.5%","-0.9%","0.1%"
"610","Westchester County, NY","October 2016","$437K","-7.1%","1.4%","775","-13.2%","-8.0%","772","-27.2%","-14.3%","5,268","-5.4%","-14.7%",140,7,-12,"97.1%","-0.4%","0.5%"
"611","Westchester County, NY","November 2016","$449K","2.9%","7.9%","746","-3.7%","10.2%","605","-21.6%","-7.4%","4,744","-9.9%","-17.0%",146,6,-4,"97.4%","0.3%","0.4%"
"612","Westchester County, NY","December 2016","$460K","2.4%","1.1%","848","13.7%","2.8%","376","-37.9%","-9.4%","3,893","-17.9%","-21.1%",153,7,-8,"97.2%","-0.2%","0.6%"
"613","Westchester County, NY","January 2017","$455K","-1.1%","2.2%","635","-25.1%","5.8%","893","137.5%","-1.0%","3,759","-3.4%","-24.2%",155,2,-11,"97.3%","0.1%","0.2%"
"614","Westchester County, NY","February 2017","$435K","-4.4%","8.7%","566","-10.9%","-5.5%","1,002","12.2%","-19.0%","3,516","-6.5%","-34.4%",161,6,-5,"96.9%","-0.4%","0.7%"
"615","Westchester County, NY","March 2017","$432K","-0.6%","2.9%","671","18.6%","14.3%","1,408","40.5%","-7.0%","3,366","-4.3%","-44.3%",162,1,-19,"97.2%","0.3%","1.0%"
"616","Westchester County, NY","April 2017","$443K","2.5%","0.7%","564","-15.9%","-19.0%","1,370","-2.7%","-10.7%","3,714","10.3%","-43.6%",77,-85,-92,"97.7%","0.5%","1.2%"
"617","Westchester County, NY","May 2017","$506K","14.2%","12.4%","823","45.9%","8.0%","1,550","13.1%","10.5%","3,952","6.4%","-42.7%",52,-25,-82,"98.5%","0.7%","1.1%"
"618","Westchester County, NY","June 2017","$550K","8.7%","0.9%","1,088","32.2%","0.3%","1,186","-23.5%","-10.0%","3,851","-2.6%","-43.4%",42,-10,-84,"98.4%","-0.1%","0.8%"
"619","Westchester County, NY","July 2017","$570K","3.6%","3.6%","1,039","-4.5%","-0.4%","1,007","-15.1%","4.1%","3,858","0.2%","-39.8%",39,-3,-82,"99.0%","0.6%","0.8%"
"620","Westchester County, NY","August 2017","$569K","-0.3%","0.6%","1,164","12.0%","-3.6%","759","-24.6%","-4.3%","3,558","-7.8%","-37.9%",44,5,-85,"98.8%","-0.2%","0.5%"
"621","Westchester County, NY","September 2017","$485K","-14.7%","3.2%","762","-34.5%","-14.7%","1,016","33.9%","-4.2%","3,645","2.4%","-34.5%",51,7,-82,"97.8%","-1.0%","0.3%"
"622","Westchester County, NY","October 2017","$460K","-5.2%","5.4%","774","1.6%","-0.1%","895","-11.9%","15.9%","3,415","-6.3%","-35.2%",55,4,-85,"97.8%","0.0%","0.7%"
"623","Westchester County, NY","November 2017","$485K","5.4%","8.0%","730","-5.7%","-2.1%","557","-37.8%","-7.9%","2,947","-13.7%","-37.9%",66,11,-80,"97.6%","-0.3%","0.2%"
"624","Westchester County, NY","December 2017","$516K","6.4%","12.2%","768","5.2%","-9.4%","344","-38.2%","-8.5%","2,448","-16.9%","-37.1%",61,-5,-92,"98.1%","0.6%","0.9%"
"625","Westchester County, NY","January 2018","$478K","-7.4%","5.1%","626","-18.5%","-1.4%","807","134.6%","-9.6%","2,582","5.5%","-31.3%",71,10,-84,"98.1%","0.0%","0.8%"
"626","Westchester County, NY","February 2018","$435K","-9.0%","0.0%","517","-17.4%","-8.7%","1,034","28.1%","3.2%","2,884","11.7%","-18.0%",70,-1,-91,"97.6%","-0.5%","0.7%"
"627","Westchester County, NY","March 2018","$441K","1.4%","2.0%","605","17.0%","-9.8%","1,186","14.7%","-15.8%","3,068","6.4%","-8.9%",79,9,-83,"97.8%","0.2%","0.6%"
"628","Westchester County, NY","April 2018","$510K","15.6%","15.1%","592","-2.1%","5.0%","1,520","28.2%","10.9%","3,480","13.4%","-6.3%",59,-20,-18,"97.8%","0.0%","0.1%"
"629","Westchester County, NY","May 2018","$530K","3.9%","4.7%","702","18.6%","-14.7%","1,568","3.2%","1.2%","3,829","10.0%","-3.1%",53,-6,1,"98.4%","0.6%","0.0%"
"630","Westchester County, NY","June 2018","$598K","12.8%","8.7%","1,029","46.6%","-5.4%","1,231","-21.5%","3.8%","3,846","0.4%","-0.1%",42,-11,0,"98.6%","0.2%","0.2%"
"631","Westchester County, NY","July 2018","$567K","-5.1%","-0.5%","1,039","1.0%","0.0%","943","-23.4%","-6.4%","3,740","-2.8%","-3.1%",38,-4,-1,"98.1%","-0.5%","-0.9%"
"632","Westchester County, NY","August 2018","$551K","-2.8%","-3.1%","1,070","3.0%","-8.1%","809","-14.2%","6.6%","3,497","-6.5%","-1.7%",41,3,-3,"98.6%","0.4%","-0.3%"
"633","Westchester County, NY","September 2018","$528K","-4.2%","8.8%","714","-33.3%","-6.3%","1,052","30.0%","3.5%","3,670","4.9%","0.7%",50,9,-1,"98.1%","-0.4%","0.3%"
"634","Westchester County, NY","October 2018","$463K","-12.3%","0.5%","765","7.1%","-1.2%","873","-17.0%","-2.5%","3,423","-6.7%","0.2%",60,10,5,"98.1%","0.0%","0.3%"
"635","Westchester County, NY","November 2018","$490K","5.9%","1.0%","731","-4.4%","0.1%","653","-25.2%","17.2%","3,093","-9.6%","5.0%",59,-1,-7,"97.9%","-0.3%","0.3%"
"636","Westchester County, NY","December 2018","$519K","5.9%","0.5%","731","0.0%","-4.8%","372","-43.0%","8.1%","2,604","-15.8%","6.4%",65,6,4,"97.3%","-0.5%","-0.8%"
"637","Westchester County, NY","January 2019","$470K","-9.4%","-1.7%","637","-12.9%","1.8%","829","122.8%","2.7%","2,725","4.6%","5.5%",60,-5,-11,"97.5%","0.1%","-0.7%"
"638","Westchester County, NY","February 2019","$475K","1.1%","9.2%","514","-19.3%","-0.6%","1,028","24.0%","-0.6%","2,998","10.0%","4.0%",72,12,2,"97.3%","-0.2%","-0.4%"
"639","Westchester County, NY","March 2019","$460K","-3.3%","4.2%","556","8.2%","-8.1%","1,310","27.4%","10.5%","3,288","9.7%","7.2%",84,12,5,"97.2%","-0.1%","-0.7%"
"640","Westchester County, NY","April 2019","$501K","9.0%","-1.8%","615","10.6%","3.9%","1,524","16.3%","0.3%","3,702","12.6%","6.4%",70,-14,11,"97.8%","0.6%","0.0%"
"641","Westchester County, NY","May 2019","$525K","4.8%","-0.9%","767","24.7%","9.3%","1,556","2.1%","-0.8%","4,051","9.4%","5.8%",53,-17,0,"98.1%","0.3%","-0.3%"
"642","Westchester County, NY","June 2019","$585K","11.4%","-2.1%","935","21.9%","-9.1%","1,144","-26.5%","-7.1%","3,989","-1.5%","3.7%",40,-13,-2,"98.0%","-0.1%","-0.6%"
"643","Westchester County, NY","July 2019","$595K","1.7%","4.9%","985","5.3%","-5.2%","925","-19.1%","-1.9%","3,788","-5.0%","1.3%",37,-3,-1,"98.5%","0.5%","0.4%"
"644","Westchester County, NY","August 2019","$605K","1.7%","9.8%","1,044","6.0%","-2.4%","735","-20.5%","-9.1%","3,436","-9.3%","-1.7%",48,11,7,"98.1%","-0.5%","-0.5%"
"645","Westchester County, NY","September 2019","$537K","-11.2%","1.8%","739","-29.2%","3.5%","1,087","47.9%","3.3%","3,614","5.2%","-1.5%",53,5,3,"97.6%","-0.4%","-0.5%"
"646","Westchester County, NY","October 2019","$525K","-2.2%","13.5%","805","8.9%","5.2%","869","-20.1%","-0.5%","3,397","-6.0%","-0.8%",63,10,3,"97.5%","-0.1%","-0.6%"
"647","Westchester County, NY","November 2019","$515K","-1.9%","5.1%","636","-21.0%","-13.0%","536","-38.3%","-17.9%","2,885","-15.1%","-6.7%",59,-4,0,"97.9%","0.4%","0.0%"
"648","Westchester County, NY","December 2019","$505K","-1.9%","-2.7%","769","20.9%","5.2%","339","-36.8%","-8.9%","2,325","-19.4%","-10.7%",56,-3,-9,"97.3%","-0.6%","0.0%"
"649","Westchester County, NY","January 2020","$525K","4.0%","11.7%","695","-9.6%","9.1%","835","146.3%","0.7%","2,468","6.2%","-9.4%",70,14,10,"97.8%","0.5%","0.3%"
"650","Westchester County, NY","February 2020","$523K","-0.5%","10.0%","532","-23.5%","3.5%","1,126","34.9%","9.5%","2,762","11.9%","-7.9%",73,3,1,"97.3%","-0.6%","0.0%"
"651","Westchester County, NY","March 2020","$537K","2.8%","16.9%","494","-7.1%","-11.2%","962","-14.6%","-26.6%","2,767","0.2%","-15.8%",83,10,-1,"97.1%","-0.2%","0.0%"
"652","Westchester County, NY","April 2020","$610K","13.6%","21.8%","470","-4.9%","-23.6%","338","-64.9%","-77.8%","2,551","-7.8%","-31.1%",68,-15,-2,"97.6%","0.5%","-0.2%"
"653","Westchester County, NY","May 2020","$583K","-4.5%","11.0%","578","23.0%","-24.6%","965","185.5%","-38.0%","2,836","11.2%","-30.0%",47,-21,-6,"97.9%","0.2%","-0.2%"
"654","Westchester County, NY","June 2020","$573K","-1.7%","-2.1%","663","14.7%","-29.1%","1,658","71.8%","44.9%","3,167","11.7%","-20.6%",46,-1,6,"97.7%","-0.2%","-0.4%"
"655","Westchester County, NY","July 2020","$675K","17.8%","13.4%","787","18.7%","-20.1%","1,555","-6.2%","68.1%","3,207","1.3%","-15.3%",56,10,19,"98.4%","0.7%","-0.2%"
"656","Westchester County, NY","August 2020","$740K","9.6%","22.3%","1,011","28.5%","-3.2%","1,293","-16.8%","75.9%","3,185","-0.7%","-7.3%",37,-19,-11,"99.1%","0.8%","1.1%"
"657","Westchester County, NY","September 2020","$689K","-6.9%","28.3%","985","-2.6%","33.3%","1,384","7.0%","27.3%","3,270","2.7%","-9.5%",36,-1,-17,"99.1%","-0.1%","1.4%"
"658","Westchester County, NY","October 2020","$650K","-5.7%","23.8%","1,075","9.1%","33.5%","1,223","-11.6%","40.7%","3,180","-2.8%","-6.4%",38,2,-25,"99.3%","0.2%","1.8%"
"659","Westchester County, NY","November 2020","$615K","-5.4%","19.4%","968","-10.0%","52.2%","707","-42.2%","31.9%","2,792","-12.2%","-3.2%",37,-1,-22,"99.1%","-0.2%","1.2%"
"660","Westchester County, NY","December 2020","$625K","1.6%","23.8%","1,107","14.4%","44.0%","515","-27.2%","51.9%","2,315","-17.1%","-0.4%",40,3,-16,"99.2%","0.1%","1.9%"
"661","Westchester County, NY","January 2021","$618K","-1.1%","17.7%","809","-26.9%","16.4%","824","60.0%","-1.3%","2,350","1.5%","-4.8%",41,1,-29,"99.0%","-0.2%","1.2%"
"662","Westchester County, NY","February 2021","$565K","-8.6%","8.1%","735","-9.1%","38.2%","796","-3.4%","-29.3%","2,254","-4.1%","-18.4%",51,10,-22,"98.5%","-0.6%","1.2%"
"663","Westchester County, NY","March 2021","$585K","3.5%","8.9%","772","5.0%","56.3%","1,391","74.7%","44.6%","2,444","8.4%","-11.7%",62,11,-21,"98.9%","0.5%","1.8%"
"664","Westchester County, NY","April 2021","$619K","5.8%","1.4%","783","1.4%","66.6%","1,501","7.9%","344.1%","2,732","11.8%","7.1%",54,-8,-14,"99.4%","0.4%","1.7%"
"665","Westchester County, NY","May 2021","$660K","6.7%","13.3%","821","4.9%","42.0%","1,363","-9.2%","41.2%","2,766","1.2%","-2.5%",41,-13,-6,"99.8%","0.4%","1.9%"
"666","Westchester County, NY","June 2021","$725K","9.8%","26.5%","1,106","34.7%","66.8%","1,382","1.4%","-16.6%","2,884","4.3%","-8.9%",26,-15,-20,"101.0%","1.3%","3.4%"
"667","Westchester County, NY","July 2021","$729K","0.6%","8.0%","1,185","7.1%","50.6%","1,172","-15.2%","-24.6%","2,832","-1.8%","-11.7%",28,2,-28,"101.3%","0.3%","2.9%"
"668","Westchester County, NY","August 2021","$716K","-1.8%","-3.2%","1,269","7.1%","25.5%","867","-26.0%","-32.9%","2,619","-7.5%","-17.8%",29,1,-8,"101.1%","-0.2%","2.0%"
"669","Westchester County, NY","September 2021","$665K","-7.1%","-3.5%","935","-26.3%","-5.1%","923","6.5%","-33.3%","2,622","0.1%","-19.8%",32,3,-4,"100.4%","-0.8%","1.3%"
"670","Westchester County, NY","October 2021","$605K","-9.0%","-6.9%","872","-6.7%","-18.9%","930","0.8%","-24.0%","2,458","-6.3%","-22.7%",36,4,-2,"99.9%","-0.5%","0.6%"
"671","Westchester County, NY","November 2021","$605K","0.0%","-1.6%","787","-9.7%","-18.7%","683","-26.6%","-3.4%","2,111","-14.1%","-24.4%",48,12,11,"99.7%","-0.2%","0.6%"
"672","Westchester County, NY","December 2021","$625K","3.3%","0.0%","953","21.1%","-13.9%","435","-36.3%","-15.5%","1,662","-21.3%","-28.2%",46,-2,6,"99.8%","0.1%","0.6%"
"673","Westchester County, NY","January 2022","$595K","-4.8%","-3.7%","743","-22.0%","-8.2%","765","75.9%","-7.2%","1,741","4.8%","-25.9%",41,-5,0,"99.8%","0.0%","0.8%"
"674","Westchester County, NY","February 2022","$579K","-2.7%","2.5%","615","-17.2%","-16.3%","868","13.5%","9.0%","1,779","2.2%","-21.1%",48,7,-3,"99.8%","0.0%","1.3%"
"675","Westchester County, NY","March 2022","$600K","3.6%","2.6%","756","22.9%","-2.1%","1,263","45.5%","-9.2%","1,922","8.0%","-21.4%",46,-2,-16,"100.4%","0.6%","1.5%"
"676","Westchester County, NY","April 2022","$650K","8.3%","5.1%","672","-11.1%","-14.2%","1,244","-1.5%","-17.1%","2,080","8.2%","-23.9%",36,-10,-18,"102.2%","1.8%","2.8%"
"677","Westchester County, NY","May 2022","$655K","0.8%","-0.8%","840","25.0%","2.3%","1,264","1.6%","-7.3%","2,204","6.0%","-20.3%",28,-8,-13,"102.6%","0.4%","2.9%"
"678","Westchester County, NY","June 2022","$720K","9.9%","-0.7%","1,035","23.2%","-6.4%","1,272","0.6%","-8.0%","2,417","9.7%","-16.2%",24,-4,-2,"103.6%","1.0%","2.6%"
"679","Westchester County, NY","July 2022","$743K","3.2%","1.9%","1,045","1.0%","-11.8%","966","-24.1%","-17.6%","2,382","-1.4%","-15.9%",23,-1,-5,"104.0%","0.4%","2.7%"
"680","Westchester County, NY","August 2022","$720K","-3.1%","0.6%","1,100","5.3%","-13.3%","671","-30.5%","-22.6%","2,086","-12.4%","-20.4%",26,3,-3,"102.6%","-1.5%","1.4%"
"681","Westchester County, NY","September 2022","$660K","-8.3%","-0.8%","850","-22.7%","-9.1%","824","22.8%","-10.7%","2,143","2.7%","-18.3%",35,9,3,"100.3%","-2.3%","-0.1%"
"682","Westchester County, NY","October 2022","$625K","-5.3%","3.3%","725","-14.7%","-16.9%","684","-17.0%","-26.5%","2,020","-5.7%","-17.8%",39,4,3,"100.2%","-0.1%","0.3%"
"683","Westchester County, NY","November 2022","$627K","0.2%","3.6%","640","-11.7%","-18.7%","482","-29.5%","-29.4%","1,718","-15.0%","-18.6%",40,1,-8,"99.3%","-0.9%","-0.4%"
"684","Westchester County, NY","December 2022","$610K","-2.6%","-2.4%","657","2.7%","-31.1%","266","-44.8%","-38.9%","1,367","-20.4%","-17.7%",43,3,-3,"99.0%","-0.3%","-0.8%"
"685","Westchester County, NY","January 2023","$615K","0.8%","3.3%","557","-15.2%","-25.0%","561","110.9%","-26.7%","1,388","1.5%","-20.3%",42,-1,1,"98.5%","-0.5%","-1.3%"
"686","Westchester County, NY","February 2023","$566K","-8.0%","-2.3%","428","-23.2%","-30.4%","688","22.6%","-20.7%","1,471","6.0%","-17.3%",49,7,1,"98.4%","-0.1%","-1.3%"
"687","Westchester County, NY","March 2023","$588K","3.8%","-2.1%","476","11.2%","-37.0%","925","34.4%","-26.8%","1,502","2.1%","-21.9%",61,12,15,"99.0%","0.6%","-1.4%"
"688","Westchester County, NY","April 2023","$580K","-1.3%","-10.8%","467","-1.9%","-30.5%","891","-3.7%","-28.4%","1,587","5.7%","-23.7%",46,-15,10,"99.8%","0.7%","-2.4%"
"689","Westchester County, NY","May 2023","$670K","15.5%","2.3%","590","26.3%","-29.8%","1,018","14.3%","-19.5%","1,583","-0.3%","-28.2%",26,-20,-2,"101.5%","1.8%","-1.1%"
"690","Westchester County, NY","June 2023","$750K","11.9%","4.1%","834","41.4%","-19.4%","867","-14.8%","-31.8%","1,593","0.6%","-34.1%",22,-4,-2,"102.7%","1.2%","-0.9%"
"691","Westchester County, NY","July 2023","$784K","4.5%","5.5%","800","-4.1%","-23.4%","647","-25.4%","-33.0%","1,446","-9.2%","-39.3%",22,0,-1,"103.6%","0.8%","-0.5%"
"692","Westchester County, NY","August 2023","$775K","-1.1%","7.6%","896","12.0%","-18.5%","607","-6.2%","-9.5%","1,363","-5.7%","-34.7%",23,1,-3,"102.9%","-0.7%","0.3%"
"693","Westchester County, NY","September 2023","$707K","-8.8%","7.1%","654","-27.0%","-23.1%","722","18.9%","-12.4%","1,461","7.2%","-31.8%",24,1,-11,"102.2%","-0.7%","1.9%"
"694","Westchester County, NY","October 2023","$630K","-10.9%","0.7%","606","-7.3%","-16.4%","692","-4.2%","1.2%","1,474","0.9%","-27.0%",35,11,-4,"100.7%","-1.5%","0.5%"
"695","Westchester County, NY","November 2023","$648K","2.9%","3.4%","526","-13.2%","-17.8%","476","-31.2%","-1.2%","1,293","-12.3%","-24.7%",31,-4,-9,"101.3%","0.7%","2.0%"
"696","Westchester County, NY","December 2023","$700K","8.1%","14.8%","576","9.5%","-12.3%","273","-42.6%","2.6%","1,058","-18.2%","-22.6%",31,0,-12,"101.3%","0.0%","2.3%"
"697","Westchester County, NY","January 2024","$689K","-1.6%","12.0%","487","-15.5%","-12.6%","584","113.9%","4.1%","1,182","11.7%","-14.8%",31,0,-11,"100.9%","-0.4%","2.4%"
"698","Westchester County, NY","February 2024","$650K","-5.7%","14.9%","434","-10.9%","1.4%","738","26.4%","7.3%","1,262","6.8%","-14.2%",37,6,-12,"100.1%","-0.8%","1.7%"
"699","Westchester County, NY","March 2024","$643K","-1.1%","9.4%","392","-9.7%","-17.6%","823","11.5%","-11.0%","1,260","-0.2%","-16.1%",35,-2,-26,"101.3%","1.2%","2.3%"
"700","Westchester County, NY","April 2024","$677K","5.4%","16.7%","518","32.1%","10.9%","1,042","26.6%","16.9%","1,461","16.0%","-7.9%",27,-8,-19,"102.5%","1.2%","2.7%"
"701","Westchester County, NY","May 2024","$759K","12.0%","13.2%","630","21.6%","6.8%","941","-9.7%","-7.6%","1,510","3.4%","-4.6%",21,-6,-5,"103.0%","0.5%","1.5%"
"702","Westchester County, NY","June 2024","$830K","9.4%","10.7%","725","15.1%","-13.1%","848","-9.9%","-2.2%","1,595","5.6%","0.1%",20,-1,-2,"104.3%","1.3%","1.6%"
"703","Westchester County, NY","July 2024","$850K","2.4%","8.5%","818","12.8%","2.3%","757","-10.7%","17.0%","1,575","-1.3%","8.9%",20,0,-2,"104.0%","-0.3%","0.4%"
"704","Westchester County, NY","August 2024","$856K","0.7%","10.4%","792","-3.2%","-11.6%","580","-23.4%","-4.4%","1,485","-5.7%","9.0%",23,3,0,"103.6%","-0.4%","0.8%"
"705","Westchester County, NY","September 2024","$788K","-8.0%","11.4%","604","-23.7%","-7.6%","803","38.4%","11.2%","1,647","10.9%","12.7%",27,4,3,"102.4%","-1.3%","0.2%"
"706","Westchester County, NY","October 2024","$710K","-9.8%","12.8%","630","4.3%","4.0%","748","-6.8%","8.1%","1,591","-3.4%","7.9%",31,4,-4,"101.7%","-0.7%","1.0%"
"707","Westchester County, NY","November 2024","$747K","5.2%","15.4%","502","-20.3%","-4.6%","443","-40.8%","-6.9%","1,392","-12.5%","7.7%",28,-3,-3,"102.1%","0.4%","0.8%"
"708","Westchester County, NY","December 2024","$725K","-2.9%","3.6%","649","29.3%","12.7%","303","-31.6%","11.0%","1,129","-18.9%","6.7%",31,3,0,"102.1%","0.0%","0.8%"
"709","Westchester County, NY","January 2025","$739K","1.9%","7.3%","553","-14.8%","13.6%","623","105.6%","6.7%","1,219","8.0%","3.1%",31,0,0,"101.4%","-0.8%","0.5%"
"710","Westchester County, NY","February 2025","$699K","-5.4%","7.6%","396","-28.4%","-8.8%","650","4.3%","-11.9%","1,294","6.2%","2.5%",41,10,4,"100.8%","-0.6%","0.7%"
"711","Westchester County, NY","March 2025","$700K","0.1%","8.9%","446","12.6%","13.8%","922","41.8%","12.0%","1,398","8.0%","11.0%",43,2,8,"101.4%","0.6%","0.1%"
"712","Westchester County, NY","April 2025","$755K","7.9%","11.5%","501","12.3%","-3.3%","1,125","22.0%","8.0%","1,641","17.4%","12.3%",32,-11,5,"102.4%","1.1%","-0.1%"
"713","Westchester County, NY","May 2025","$800K","5.9%","5.4%","636","26.9%","1.0%","1,065","-5.3%","13.2%","1,742","6.2%","15.4%",23,-9,2,"103.7%","1.3%","0.7%"
"714","Westchester County, NY","June 2025","$877K","9.8%","5.7%","774","21.7%","6.8%","853","-19.9%","0.6%","1,694","-2.8%","6.2%",21,-2,1,"104.9%","1.2%","0.6%"
"715","Westchester County, NY","July 2025","$892K","1.6%","4.9%","856","10.6%","4.6%","708","-17.0%","-6.5%","1,622","-4.3%","3.0%",21,0,1,"104.9%","0.0%","0.9%"
"716","Westchester County, NY","August 2025","$874K","-2.0%","2.1%","860","0.5%","8.6%","552","-22.0%","-4.8%","1,488","-8.3%","0.2%",26,5,3,"103.3%","-1.6%","-0.4%"
"717","Westchester County, NY","September 2025","$788K","-9.9%","0.0%","678","-21.2%","12.3%","852","54.3%","6.1%","1,651","11.0%","0.2%",29,3,2,"102.8%","-0.5%","0.4%"
"718","Westchester County, NY","October 2025","$754K","-4.3%","6.1%","600","-11.5%","-4.8%","682","-20.0%","-8.8%","1,485","-10.1%","-6.7%",30,1,-1,"101.9%","-0.9%","0.2%"
"719","Westchester County, NY","November 2025","$735K","-2.5%","-1.6%","519","-13.5%","3.4%","412","-39.6%","-7.0%","1,255","-15.5%","-9.8%",29,-1,1,"102.3%","0.4%","0.2%"
"720","Westchester County, NY","December 2025","$790K","7.5%","9.0%","669","28.9%","3.1%","279","-32.3%","-7.9%","959","-23.6%","-15.1%",31,2,0,"102.2%","-0.1%","0.0%"
